ID,MC3,MC4,MC5,MC1,MC2,Complaint,Pilot,Enrollment
1001,0,0,0,0,0,0,1,2/9/2019
1002,0,0,0,0,0,0,0,8/12/2020
1003,0,0,0,0,0,0,0,1/26/2020
1004,0,0,0,0,0,0,0,7/17/2020
1005,0,0,0,0,0,0,0,6/25/2020
1006,0,0,0,0,0,0,0,2/14/2020
1007,0,0,0,0,0,0,0,4/20/2019
1008,0,0,0,0,0,0,0,10/13/2019
1009,0,0,0,0,0,0,1,11/11/2019
1010,1,0,0,0,0,0,0,8/17/2020
1011,0,0,0,0,0,0,0,4/20/2019
1012,0,0,0,0,0,0,0,4/21/2020
1013,0,0,0,0,0,0,0,4/21/2020
1014,0,0,0,0,0,0,0,3/17/2019
1015,0,0,1,1,0,0,1,5/1/2019
1016,0,0,0,0,0,0,0,5/31/2019
1017,0,0,0,0,0,0,0,2/5/2019
1018,0,0,0,1,0,0,0,9/2/2019
1019,0,0,0,0,0,0,0,4/10/2019
1020,0,0,0,0,0,0,0,1/13/2019
1021,0,0,0,0,0,0,0,6/13/2019
1022,0,1,0,0,0,0,0,5/30/2019
1023,0,0,0,0,0,0,0,6/17/2020
1024,0,0,0,0,0,0,0,8/23/2019
1025,0,0,0,0,0,0,0,6/9/2019
1026,0,0,0,0,0,0,0,11/1/2019
1027,0,0,0,0,0,0,0,11/5/2019
1028,0,0,1,0,0,0,0,4/28/2020
1029,0,0,0,0,0,0,0,10/26/2020
1030,0,0,0,0,0,0,0,10/16/2019
1031,0,1,0,0,0,0,0,3/17/2019
1032,0,0,0,0,0,0,1,4/5/2019
1033,0,0,0,0,0,0,0,7/28/2019
1034,0,0,0,0,0,0,0,2/3/2020
1035,0,0,0,0,0,0,0,6/6/2020
1036,0,0,0,0,0,0,0,2/7/2020
1037,0,0,0,0,0,0,0,7/18/2020
1038,1,0,0,0,0,0,1,7/9/2019
1039,0,0,0,0,0,0,0,10/4/2019
1040,0,0,0,0,0,0,0,8/17/2019
1041,0,0,0,0,0,0,0,5/31/2019
1042,0,0,0,0,0,0,0,3/8/2020
1043,0,0,0,0,0,0,0,12/2/2020
1044,0,0,0,0,0,0,1,4/16/2019
1045,0,0,0,0,0,0,0,10/29/2019
1046,0,0,0,0,0,0,0,4/15/2019
1047,0,0,0,0,0,0,0,10/16/2020
1048,0,0,0,0,0,0,0,1/16/2019
1049,0,0,0,0,0,0,0,6/9/2019
1050,1,0,0,1,0,0,1,11/11/2020
1051,0,0,0,0,0,0,0,11/17/2019
1052,0,0,1,0,0,0,1,4/26/2019
1053,0,0,0,0,0,0,1,9/7/2019
1054,0,0,0,0,0,0,0,10/2/2020
1055,0,0,0,0,0,0,0,8/7/2020
1056,0,1,1,0,0,0,1,12/9/2019
1057,0,0,0,0,0,0,0,2/12/2019
1058,0,0,0,0,0,0,0,7/26/2019
1059,0,0,0,0,0,0,0,11/16/2019
1060,0,0,0,0,0,0,0,5/12/2020
1061,0,0,0,0,0,0,1,10/26/2019
1062,0,0,0,0,0,0,0,10/15/2020
1063,1,0,0,1,0,0,1,8/23/2020
1064,0,0,0,0,0,0,0,3/3/2020
1065,0,0,0,0,0,0,0,9/13/2019
1066,0,0,0,0,0,0,0,2/16/2019
1067,0,0,0,0,0,0,0,8/22/2019
1068,0,1,0,0,0,0,0,9/10/2019
1069,0,0,0,0,0,0,0,10/4/2020
1070,0,0,0,0,0,0,0,5/26/2019
1071,0,0,0,0,0,0,1,2/1/2019
1072,1,0,0,0,0,0,1,3/19/2019
1073,0,0,0,0,0,1,0,2/9/2020
1074,1,0,0,0,0,0,1,6/9/2019
1075,0,0,0,0,0,0,0,2/3/2019
1076,0,0,0,0,0,0,0,11/28/2019
1077,0,0,0,0,0,0,0,12/8/2019
1078,0,0,0,0,0,0,0,10/16/2019
1079,0,0,0,0,0,0,0,8/1/2020
1080,0,0,0,0,0,0,0,1/16/2020
1081,0,1,0,0,0,0,0,12/21/2019
1082,0,1,0,1,0,0,1,11/1/2020
1083,0,0,1,0,0,0,0,10/16/2020
1084,0,0,0,0,0,0,0,6/27/2020
1085,0,0,0,0,0,0,0,8/27/2020
1086,0,0,0,0,0,0,0,10/28/2020
1087,0,0,0,0,0,0,0,10/26/2020
1088,0,1,0,0,0,0,0,4/29/2019
1089,0,0,0,0,0,0,0,9/16/2019
1090,0,0,0,1,0,0,0,5/7/2020
1091,0,0,0,0,0,0,0,11/25/2019
1092,0,0,0,0,0,0,0,12/28/2019
1093,0,0,0,0,0,0,0,9/3/2020
1094,0,0,0,0,0,0,0,9/25/2019
1095,0,0,0,0,0,0,0,10/22/2019
1096,0,0,0,0,0,0,1,10/12/2020
1097,0,0,0,0,0,0,0,5/16/2020
1098,0,0,0,0,0,0,0,2/29/2020
1099,0,0,0,0,0,0,0,7/10/2019
1100,0,0,0,0,0,0,0,5/26/2019
1101,0,0,0,0,0,0,0,5/14/2019
1102,0,0,0,0,0,0,0,4/8/2020
1103,0,1,0,0,0,0,1,4/17/2019
1104,0,1,0,0,0,0,0,11/29/2020
1105,0,1,1,0,0,0,1,6/9/2019
1106,0,0,0,0,0,0,0,5/19/2019
1107,0,0,0,0,0,0,0,2/15/2020
1108,0,0,1,1,0,0,0,6/30/2020
1109,0,0,0,0,0,0,0,7/27/2019
1110,0,0,0,0,0,0,0,12/16/2019
1111,0,0,0,0,0,0,0,4/20/2020
1112,0,0,0,0,0,0,0,11/25/2019
1113,0,0,0,0,0,0,1,7/31/2020
1114,0,0,0,0,0,0,0,2/9/2020
1115,0,0,0,0,0,0,0,9/27/2019
1116,0,1,1,1,0,0,1,8/17/2019
1117,0,0,0,0,0,0,0,7/26/2019
1118,0,0,0,0,0,0,1,9/26/2019
1119,0,0,0,0,0,0,0,11/12/2020
1120,0,0,0,0,0,0,0,10/14/2020
1121,0,0,0,0,0,0,0,3/6/2020
1122,0,0,0,0,0,0,0,8/15/2019
1123,0,0,0,0,0,0,0,7/17/2020
1124,0,0,0,0,0,0,0,1/19/2020
1125,0,1,0,0,0,0,0,8/22/2019
1126,0,0,0,0,0,0,0,1/13/2019
1127,0,0,0,0,0,0,0,12/12/2019
1128,1,0,0,0,0,0,1,10/23/2020
1129,0,0,0,0,0,0,0,1/2/2020
1130,0,0,0,0,0,0,0,3/26/2019
1131,0,0,0,0,0,0,1,4/20/2020
1132,0,0,0,0,0,0,0,9/24/2019
1133,0,0,0,0,0,0,0,2/2/2020
1134,0,0,0,0,0,0,0,8/24/2019
1135,0,0,0,0,0,0,0,3/25/2019
1136,0,0,0,0,0,0,1,4/4/2019
1137,0,0,0,0,0,1,0,2/2/2020
1138,0,0,0,0,0,0,0,1/27/2019
1139,0,0,0,0,0,0,0,11/25/2020
1140,0,0,0,0,0,0,0,9/28/2020
1141,0,1,0,0,0,0,0,8/11/2020
1142,0,0,0,0,0,0,0,5/21/2019
1143,0,0,0,0,0,0,0,10/16/2020
1144,0,0,0,0,0,0,0,3/16/2019
1145,0,1,1,0,0,0,1,7/27/2019
1146,0,0,0,0,0,0,0,12/13/2019
1147,0,0,0,0,0,0,0,2/17/2020
1148,0,0,0,0,0,0,0,3/23/2020
1149,0,0,0,0,0,0,0,1/25/2020
1150,0,0,0,0,0,0,0,12/6/2019
1151,0,0,0,0,0,0,0,4/12/2019
1152,0,0,0,0,0,0,0,6/11/2020
1153,0,0,0,0,0,0,0,10/6/2019
1154,0,0,0,0,0,0,0,4/19/2020
1155,1,0,0,0,0,0,0,4/24/2020
1156,0,1,0,0,0,0,0,2/2/2020
1157,0,0,0,0,0,0,0,4/8/2020
1158,0,0,0,0,0,0,0,8/1/2020
1159,0,0,0,0,0,0,0,9/25/2020
1160,0,0,0,0,0,0,0,12/18/2019
1161,0,0,0,0,0,0,0,9/25/2020
1162,0,0,0,0,0,0,0,7/6/2020
1163,1,0,0,0,0,0,0,9/8/2020
1164,0,0,0,0,0,0,0,2/17/2019
1165,0,1,0,1,0,0,1,5/23/2019
1166,0,0,0,0,0,0,0,10/27/2020
1167,0,0,0,0,0,0,0,11/28/2020
1168,0,0,0,1,0,0,0,5/7/2020
1169,0,0,0,0,0,0,0,10/15/2020
1170,0,0,0,0,0,0,0,10/14/2020
1171,0,0,0,0,0,0,0,3/4/2020
1172,0,0,0,0,0,0,0,6/28/2020
1173,0,0,0,0,0,0,0,11/19/2020
1174,0,0,0,0,0,0,0,5/12/2019
1175,0,0,0,0,0,0,0,8/12/2020
1176,0,0,0,0,0,0,0,1/7/2020
1177,0,0,0,0,0,0,0,8/24/2019
1178,0,0,0,0,0,0,0,7/31/2019
1179,1,0,0,0,0,0,0,2/14/2019
1180,0,0,0,0,0,0,0,10/22/2019
1181,0,0,0,0,0,0,0,11/4/2019
1182,0,0,0,0,0,0,0,7/26/2019
1183,0,0,0,0,0,0,0,6/4/2020
1184,0,0,0,0,0,0,0,10/17/2020
1185,0,0,1,0,0,0,0,2/24/2020
1186,0,0,0,0,0,0,0,6/24/2019
1187,1,0,0,0,0,0,1,9/4/2020
1188,0,1,0,0,0,0,0,12/3/2020
1189,0,0,0,0,0,0,0,5/15/2020
1190,0,0,0,0,0,0,0,3/20/2020
1191,0,1,1,1,0,0,1,4/9/2019
1192,0,0,0,0,0,0,0,12/22/2019
1193,1,0,0,0,0,0,1,4/17/2019
1194,1,0,0,0,0,0,0,5/14/2020
1195,0,0,0,0,0,0,0,10/18/2019
1196,0,0,0,0,0,0,0,11/12/2020
1197,1,0,0,0,0,0,1,2/15/2019
1198,0,0,0,0,0,0,0,9/5/2019
1199,0,0,0,0,0,0,0,8/22/2020
1200,0,0,0,0,0,0,0,3/12/2019
1201,0,0,0,0,0,0,0,6/28/2019
1202,0,0,0,0,0,0,0,10/9/2019
1203,0,0,0,0,0,0,0,9/5/2020
1204,0,0,0,0,0,0,0,10/16/2020
1205,0,1,1,0,0,0,0,4/21/2020
1206,0,0,0,0,0,0,0,2/5/2020
1207,0,0,0,0,0,0,0,4/21/2019
1208,0,0,0,0,0,0,0,9/15/2020
1209,0,0,0,0,0,0,0,4/20/2020
1210,0,0,0,0,0,0,0,9/18/2020
1211,0,0,0,0,0,0,0,6/12/2019
1212,0,0,0,0,0,0,0,2/13/2019
1213,0,0,0,0,0,0,0,8/31/2019
1214,0,0,0,0,0,0,0,4/1/2019
1215,0,0,0,0,0,0,0,5/16/2019
1216,0,0,0,0,0,0,0,1/13/2019
1217,0,0,0,0,0,0,0,7/23/2020
1218,0,0,0,0,0,0,1,8/25/2019
1219,0,0,1,0,0,0,0,6/12/2019
1220,0,0,0,0,0,0,0,10/20/2019
1221,0,0,0,0,0,0,0,9/20/2020
1222,0,0,0,0,0,0,0,8/28/2019
1223,0,0,0,0,0,0,0,5/15/2020
1224,0,0,0,0,0,0,0,5/10/2020
1225,0,0,0,0,0,0,0,3/10/2020
1226,0,0,0,0,0,0,0,6/1/2020
1227,0,1,0,0,0,0,0,4/3/2020
1228,0,0,0,0,0,0,0,5/30/2019
1229,0,0,0,0,0,0,0,1/5/2020
1230,0,0,0,1,0,0,1,5/4/2020
1231,0,0,0,0,0,0,0,1/22/2019
1232,0,0,0,0,0,0,0,11/9/2020
1233,0,1,1,1,0,0,1,10/25/2019
1234,0,0,0,0,0,0,0,6/16/2019
1235,0,0,0,0,0,0,0,2/5/2019
1236,0,0,0,0,0,0,0,4/5/2019
1237,0,0,0,0,0,0,0,2/21/2020
1238,0,0,0,0,0,0,0,4/2/2020
1239,0,1,1,1,1,0,1,9/10/2019
1240,0,0,0,0,0,0,0,2/27/2019
1241,0,0,0,0,0,0,0,2/3/2019
1242,0,0,0,0,0,0,0,3/20/2019
1243,0,1,0,0,0,0,0,3/23/2019
1244,0,0,0,0,0,0,0,3/29/2019
1245,0,0,0,0,0,0,0,11/9/2019
1246,0,0,0,0,0,0,0,5/14/2020
1247,1,0,0,0,0,0,1,3/17/2019
1248,0,0,0,0,0,0,0,10/27/2019
1249,0,0,0,0,0,0,0,11/21/2020
1250,0,0,0,0,0,0,0,4/30/2019
1251,0,0,0,0,0,0,1,7/11/2019
1252,0,0,0,0,0,0,0,8/19/2019
1253,1,0,0,0,0,0,0,11/30/2020
1254,1,0,0,0,0,0,1,3/22/2019
1255,0,0,0,0,0,0,0,11/24/2019
1256,0,0,0,0,0,0,0,3/10/2020
1257,0,0,0,0,0,0,1,2/27/2019
1258,0,0,0,0,0,1,0,8/24/2020
1259,0,0,0,0,0,0,0,7/11/2020
1260,0,0,0,0,0,0,0,9/10/2020
1261,0,0,0,0,0,0,0,7/14/2019
1262,0,0,0,0,0,0,0,2/21/2020
1263,0,0,0,0,0,0,1,6/24/2019
1264,0,0,0,0,0,0,0,10/4/2020
1265,0,0,0,1,0,0,1,9/7/2019
1266,0,0,0,0,0,0,0,9/26/2019
1267,0,0,0,0,0,0,0,7/19/2019
1268,0,0,0,0,0,0,0,4/1/2019
1269,0,0,0,0,0,0,0,2/5/2019
1270,0,0,0,0,0,0,0,8/5/2020
1271,0,0,0,0,0,0,0,9/21/2020
1272,0,0,0,0,0,0,0,12/17/2019
1273,0,0,0,0,0,0,0,7/6/2019
1274,0,0,0,0,0,0,0,6/15/2019
1275,0,0,0,0,0,0,0,10/16/2020
1276,0,0,0,0,0,0,0,11/18/2019
1277,1,0,0,0,0,0,0,12/9/2019
1278,0,0,0,0,0,0,0,6/2/2020
1279,0,0,1,0,0,0,0,4/7/2019
1280,0,0,0,0,0,0,0,6/21/2020
1281,0,0,0,0,0,0,0,8/17/2019
1282,0,1,0,0,1,0,0,1/28/2019
1283,0,0,0,0,0,0,0,8/12/2019
1284,0,0,0,0,0,0,0,6/20/2019
1285,0,0,0,0,0,0,0,6/19/2019
1286,0,1,0,0,0,0,0,8/21/2020
1287,0,0,0,0,0,0,0,9/20/2020
1288,0,0,0,0,0,0,0,3/18/2020
1289,0,0,0,0,0,0,0,8/5/2020
1290,0,0,0,0,0,0,0,9/17/2020
1291,0,0,0,0,0,0,0,6/2/2020
1292,0,0,0,1,0,0,0,9/2/2019
1293,0,0,0,0,0,0,1,2/23/2019
1294,0,0,1,0,0,0,0,8/9/2020
1295,0,1,0,0,0,0,0,2/15/2020
1296,0,0,0,0,0,0,0,10/2/2019
1297,0,0,0,0,0,0,0,6/24/2020
1298,0,0,0,0,0,0,0,4/3/2020
1299,0,0,0,0,0,0,0,7/14/2019
1300,0,0,0,0,0,0,0,5/23/2020
1301,0,0,0,0,0,0,0,8/15/2020
1302,0,0,0,0,0,0,0,1/3/2020
1303,0,0,0,0,0,0,0,1/19/2019
1304,0,0,0,0,0,0,0,12/21/2019
1305,0,0,0,0,0,0,0,6/24/2019
1306,0,0,0,0,0,0,0,12/6/2019
1307,0,0,0,0,0,0,0,7/16/2020
1308,0,0,0,0,0,0,0,7/15/2019
1309,0,0,0,0,0,0,0,6/18/2019
1310,0,0,0,0,0,0,0,12/10/2019
1311,0,0,0,0,0,0,0,12/7/2019
1312,0,0,0,0,0,0,0,4/13/2020
1313,0,0,0,0,0,0,0,10/14/2019
1314,0,0,0,0,0,0,0,7/21/2019
1315,0,0,0,0,0,0,0,9/21/2019
1316,0,0,0,0,0,0,0,2/16/2020
1317,0,0,0,0,0,0,1,9/8/2019
1318,1,0,0,0,0,0,1,6/17/2019
1319,0,0,0,0,0,0,0,12/5/2019
1320,0,0,0,0,0,0,0,2/17/2019
1321,0,1,1,1,0,0,1,5/13/2019
1322,0,0,0,0,0,0,0,4/19/2019
1323,0,0,1,0,0,0,1,8/8/2019
1324,0,0,0,0,0,0,0,1/15/2019
1325,0,0,0,0,0,0,0,5/13/2020
1326,0,1,0,0,1,0,0,4/30/2019
1327,0,0,0,0,0,0,0,11/18/2019
1328,1,0,0,0,0,0,1,1/20/2020
1329,0,0,0,0,0,0,0,4/16/2020
1330,0,0,0,0,0,0,0,11/28/2019
1331,0,0,0,0,0,0,1,11/20/2020
1332,0,0,0,0,0,0,0,6/1/2019
1333,1,0,0,0,0,0,0,6/9/2020
1334,0,0,0,0,0,0,0,5/23/2020
1335,1,0,1,0,0,0,0,6/17/2019
1336,0,0,0,0,0,0,1,4/3/2020
1337,0,0,0,0,0,0,0,4/3/2019
1338,0,0,0,0,0,0,0,5/29/2019
1339,0,0,0,0,0,1,0,5/5/2020
1340,0,1,0,0,0,0,0,10/16/2019
1341,0,0,0,0,0,0,0,5/19/2019
1342,0,0,0,0,0,1,0,1/25/2020
1343,0,0,0,0,0,0,0,3/14/2020
1344,0,1,0,0,0,0,0,3/5/2019
1345,0,0,0,0,0,0,0,8/26/2020
1346,0,0,0,0,0,0,0,7/31/2020
1347,0,0,0,0,0,0,0,4/30/2019
1348,0,0,0,0,0,0,0,6/4/2019
1349,0,0,0,0,0,0,0,1/26/2019
1350,0,0,0,0,0,0,0,10/22/2019
1351,0,0,0,0,0,0,0,8/21/2019
1352,0,0,0,0,0,0,0,4/24/2019
1353,0,0,0,0,0,0,0,5/8/2019
1354,0,0,0,0,0,0,0,9/26/2020
1355,0,0,0,0,0,0,0,4/4/2019
1356,1,0,0,0,0,0,0,2/3/2020
1357,0,1,0,0,0,0,0,4/18/2019
1358,0,0,0,0,0,0,1,11/27/2019
1359,0,0,0,0,0,0,0,1/23/2019
1360,1,0,0,0,0,0,1,8/23/2019
1361,0,0,0,0,0,0,0,6/6/2019
1362,0,0,0,0,0,0,0,3/8/2020
1363,0,0,0,0,0,0,0,11/19/2019
1364,0,0,0,0,0,0,0,6/15/2019
1365,0,0,0,0,0,0,0,4/20/2020
1366,0,0,0,0,0,0,0,5/19/2019
1367,0,0,0,0,0,0,0,1/27/2019
1368,0,0,0,0,0,0,0,9/3/2020
1369,0,0,0,0,0,0,0,10/20/2019
1370,0,1,0,0,0,0,1,3/22/2020
1371,0,0,0,0,0,0,0,3/12/2019
1372,0,0,0,0,0,0,0,2/4/2019
1373,0,0,0,0,0,0,0,10/13/2019
1374,0,0,1,0,0,0,0,6/9/2020
1375,0,0,0,0,0,0,0,5/15/2020
1376,0,0,0,0,0,0,0,10/8/2020
1377,0,0,0,0,0,0,0,9/23/2019
1378,0,0,0,0,0,0,0,8/1/2020
1379,0,0,0,0,0,0,0,3/12/2020
1380,0,0,0,0,0,0,0,2/20/2019
1381,0,0,0,0,0,0,1,2/5/2019
1382,0,0,0,0,0,0,0,5/31/2019
1383,0,0,0,0,0,0,1,4/16/2019
1384,0,0,0,0,0,0,0,8/28/2019
1385,0,0,0,0,0,0,0,3/4/2019
1386,0,0,0,0,0,0,0,1/20/2020
1387,0,0,0,0,0,0,0,8/16/2019
1388,0,1,0,0,0,0,1,3/28/2020
1389,0,0,0,0,0,0,0,11/13/2020
1390,0,0,0,0,0,0,1,2/4/2019
1391,0,0,0,0,0,0,0,11/3/2020
1392,0,0,0,0,0,0,0,11/11/2019
1393,0,0,0,0,0,0,0,3/24/2019
1394,0,0,0,0,0,0,1,4/24/2019
1395,0,0,0,0,0,0,0,4/16/2019
1396,0,0,0,1,0,0,0,9/4/2019
1397,0,0,0,0,0,0,0,1/27/2019
1398,0,0,0,0,0,0,0,6/30/2019
1399,0,0,0,0,0,0,0,9/4/2020
1400,1,0,0,0,0,0,0,4/26/2020
1401,0,1,1,1,1,0,0,7/21/2020
1402,0,0,1,1,0,0,1,7/30/2019
1403,0,0,0,0,0,0,0,8/10/2019
1404,0,0,0,0,0,0,0,10/10/2020
1405,0,0,0,0,0,0,0,10/26/2020
1406,0,0,0,0,0,0,0,11/9/2020
1407,0,1,1,0,0,0,1,11/9/2019
1408,0,0,1,0,0,0,0,9/18/2019
1409,0,0,0,0,0,0,0,5/10/2020
1410,0,1,1,1,0,0,0,9/28/2020
1411,0,1,0,1,0,0,0,9/9/2020
1412,0,0,0,0,0,0,0,10/8/2020
1413,0,0,0,0,0,0,0,9/30/2019
1414,0,1,1,1,1,0,1,10/14/2019
1415,0,0,0,0,0,0,0,4/5/2019
1416,0,0,0,0,0,0,0,6/30/2019
1417,0,0,0,0,0,0,0,5/1/2020
1418,0,0,0,0,0,0,0,7/9/2020
1419,0,0,0,0,0,0,0,11/26/2019
1420,0,0,0,0,0,0,0,5/27/2020
1421,0,0,0,0,0,0,0,2/12/2020
1422,0,0,0,0,0,0,0,1/27/2020
1423,0,0,0,0,0,0,0,7/15/2019
1424,0,0,0,0,0,0,0,12/9/2019
1425,0,0,0,0,0,0,0,5/26/2020
1426,0,0,0,0,0,0,0,1/11/2020
1427,0,0,0,0,0,0,0,6/6/2019
1428,0,0,0,0,0,0,0,8/21/2020
1429,0,0,0,0,0,0,0,12/18/2019
1430,0,0,0,0,0,0,0,3/15/2020
1431,1,0,0,1,0,0,0,6/4/2020
1432,0,0,0,0,0,0,0,11/14/2019
1433,0,0,0,0,0,0,0,5/28/2020
1434,0,0,0,0,0,0,0,10/7/2019
1435,0,0,0,0,0,0,0,7/24/2019
1436,0,0,0,0,0,0,0,3/23/2020
1437,0,0,0,0,0,0,0,5/7/2020
1438,0,0,0,0,0,0,0,2/12/2019
1439,0,0,0,0,0,0,0,1/25/2019
1440,0,1,0,1,0,0,1,2/20/2019
1441,1,0,0,0,0,0,1,9/6/2019
1442,0,0,0,0,0,0,0,10/29/2020
1443,0,0,0,0,0,0,0,3/2/2019
1444,0,0,0,1,0,0,1,6/7/2020
1445,0,0,0,0,0,0,0,2/27/2020
1446,0,0,0,0,0,0,0,7/4/2020
1447,1,0,0,0,0,0,0,11/30/2020
1448,0,0,0,0,0,0,0,7/31/2020
1449,0,0,0,0,0,0,0,8/7/2020
1450,0,1,1,0,0,0,1,9/28/2019
1451,0,0,0,0,0,0,0,4/7/2019
1452,0,0,0,0,0,0,0,8/10/2020
1453,0,0,0,0,0,0,0,1/20/2019
1454,0,0,0,0,0,0,0,9/1/2019
1455,0,0,0,0,0,0,1,3/16/2020
1456,0,1,0,0,0,0,1,1/9/2019
1457,0,0,0,0,0,0,0,6/9/2019
1458,0,0,0,0,0,0,0,10/22/2020
1459,0,0,0,0,0,0,0,7/26/2019
1460,0,0,0,0,0,0,0,10/13/2020
1461,0,0,0,0,0,0,0,10/27/2020
1462,0,0,0,0,0,0,0,3/30/2019
1463,0,0,0,0,0,0,0,4/7/2019
1464,0,0,0,0,0,0,0,6/5/2020
1465,0,0,0,0,0,0,0,1/16/2020
1466,1,0,0,0,0,0,1,1/24/2019
1467,0,0,0,0,0,0,0,4/5/2020
1468,0,0,0,0,0,0,0,3/17/2019
1469,0,0,0,0,0,0,1,2/19/2019
1470,0,0,0,0,0,0,0,4/20/2020
1471,0,0,0,0,0,0,0,12/1/2019
1472,0,0,0,0,0,0,0,7/2/2020
1473,0,0,0,0,0,0,0,4/4/2019
1474,0,0,0,0,0,0,0,3/1/2019
1475,0,0,0,0,0,0,0,5/10/2019
1476,0,0,0,1,0,0,0,7/30/2019
1477,0,0,0,0,0,0,0,6/19/2019
1478,0,1,0,0,0,0,0,5/3/2020
1479,0,0,0,0,0,0,0,9/18/2019
1480,0,0,0,0,0,0,0,9/9/2020
1481,0,0,0,0,0,0,0,9/26/2019
1482,0,0,0,0,0,0,0,10/26/2020
1483,0,0,0,0,0,0,0,9/8/2019
1484,0,0,0,0,0,0,0,1/11/2019
1485,0,0,0,0,0,0,0,4/21/2020
1486,0,0,0,0,0,0,0,6/5/2019
1487,0,0,0,0,0,0,0,1/29/2019
1488,0,0,0,0,0,0,0,11/26/2019
1489,0,0,0,0,0,0,0,4/14/2019
1490,0,0,0,0,0,0,0,5/8/2020
1491,0,0,0,0,0,0,0,12/24/2019
1492,0,0,0,0,0,0,0,11/26/2019
1493,0,0,0,0,0,0,0,5/23/2019
1494,1,0,0,0,0,0,0,10/30/2019
1495,0,0,0,0,0,0,0,9/2/2019
1496,0,1,0,0,0,0,0,3/26/2020
1497,0,0,1,0,0,0,0,8/21/2020
1498,0,0,0,0,0,0,0,10/16/2019
1499,0,0,0,0,0,0,0,9/19/2019
1500,0,0,0,0,0,0,0,7/11/2019
1501,0,0,0,0,0,0,0,12/5/2019
1502,0,0,0,0,0,0,0,1/28/2020
1503,0,0,1,1,0,0,0,8/5/2020
1504,0,0,0,0,0,0,0,7/3/2020
1505,1,0,0,0,0,0,0,8/5/2020
1506,0,0,0,0,0,0,0,1/21/2020
1507,0,1,1,0,0,0,0,3/7/2019
1508,0,0,0,0,0,0,1,2/13/2019
1509,0,0,0,0,0,0,0,5/11/2019
1510,0,0,0,0,0,0,0,5/3/2020
1511,0,0,0,0,0,0,0,11/12/2020
1512,0,0,0,0,0,0,0,1/17/2019
1513,0,0,0,0,0,0,0,4/9/2020
1514,0,0,0,0,0,0,0,7/23/2019
1515,0,0,0,0,0,0,0,2/23/2020
1516,0,1,0,0,0,0,0,11/22/2020
1517,0,0,0,0,0,0,0,9/29/2019
1518,0,0,0,0,0,0,0,11/22/2019
1519,0,0,0,0,0,0,0,9/16/2019
1520,0,0,0,0,0,0,0,6/24/2020
1521,0,0,1,0,0,0,1,7/22/2020
1522,0,0,0,0,0,0,0,1/13/2020
1523,0,0,0,0,0,0,0,5/29/2020
1524,0,0,0,0,0,0,0,4/13/2020
1525,0,0,0,0,0,0,0,1/11/2019
1526,0,0,0,0,0,0,0,5/5/2019
1527,0,1,1,0,0,0,1,1/12/2020
1528,0,0,0,0,0,0,0,11/9/2019
1529,0,0,0,0,0,0,0,8/12/2020
1530,0,0,0,0,0,0,1,6/13/2020
1531,0,0,0,0,0,0,0,5/9/2020
1532,1,0,0,0,0,0,1,7/2/2020
1533,0,0,0,0,0,0,0,9/2/2020
1534,0,0,0,0,0,0,0,9/4/2020
1535,1,0,0,0,0,0,1,9/12/2020
1536,0,0,0,0,0,0,0,7/14/2020
1537,0,0,0,0,0,0,0,9/23/2019
1538,0,0,0,0,0,0,1,4/12/2020
1539,0,0,0,0,0,0,0,2/17/2019
1540,0,0,0,0,0,0,0,8/6/2019
1541,0,0,1,0,0,0,0,9/10/2019
1542,0,0,0,0,0,0,0,1/8/2020
1543,0,1,1,1,1,0,1,10/27/2019
1544,0,0,0,0,0,0,0,2/14/2020
1545,0,0,0,0,0,0,0,11/21/2019
1546,0,0,0,0,0,0,0,11/30/2019
1547,0,0,0,0,0,0,0,6/21/2020
1548,0,0,0,0,0,0,0,4/11/2020
1549,0,0,0,0,0,0,0,11/11/2020
1550,0,0,0,0,0,0,0,5/12/2019
1551,0,0,0,0,0,0,0,2/12/2020
1552,0,0,0,0,0,0,0,12/10/2019
1553,0,0,0,0,0,0,0,5/14/2019
1554,0,0,0,0,0,0,0,2/17/2019
1555,0,0,0,0,0,0,0,7/3/2020
1556,0,0,0,0,0,0,0,2/18/2020
1557,0,0,0,0,0,0,0,1/6/2020
1558,0,0,0,0,0,0,0,3/8/2020
1559,0,1,0,1,1,0,1,7/8/2019
1560,0,0,0,0,0,0,0,9/5/2020
1561,0,0,0,0,0,0,0,1/28/2020
1562,0,0,0,0,0,0,0,2/21/2020
1563,0,0,0,0,0,0,0,12/14/2019
1564,0,1,0,0,0,0,0,4/17/2019
1565,0,0,0,0,0,0,0,8/23/2019
1566,0,0,0,0,0,0,0,3/26/2020
1567,0,0,0,0,0,0,0,9/20/2019
1568,0,0,0,0,0,0,0,9/7/2020
1569,0,0,0,0,0,0,0,9/22/2020
1570,1,0,1,1,0,0,1,2/28/2019
1571,0,0,0,0,0,0,0,2/19/2020
1572,0,1,0,0,0,0,0,10/21/2020
1573,0,0,0,0,0,0,0,1/25/2020
1574,0,0,0,0,0,1,1,3/19/2019
1575,0,0,1,1,0,0,1,5/19/2019
1576,0,0,0,0,0,0,0,4/16/2020
1577,0,0,0,0,0,0,0,7/6/2020
1578,0,0,0,0,0,0,0,2/16/2020
1579,0,0,0,0,0,0,1,2/24/2020
1580,0,0,0,0,0,0,0,4/2/2019
1581,0,0,0,0,0,0,0,3/25/2020
1582,0,0,0,0,0,0,0,11/9/2019
1583,0,0,0,0,0,0,0,1/22/2019
1584,0,0,0,0,0,0,0,7/29/2019
1585,0,0,0,0,0,0,0,2/5/2019
1586,0,0,0,0,0,0,0,2/22/2020
1587,0,0,0,0,0,0,0,5/16/2019
1588,0,0,0,0,0,0,0,7/3/2019
1589,0,0,0,0,0,0,1,6/5/2019
1590,0,0,0,0,0,0,0,7/18/2020
1591,0,0,0,0,0,0,0,8/16/2019
1592,0,0,0,0,0,0,0,4/2/2019
1593,0,0,0,1,0,0,0,10/11/2020
1594,0,0,0,0,0,0,0,1/24/2020
1595,0,0,0,0,0,0,0,12/23/2019
1596,0,0,0,0,0,0,0,5/18/2019
1597,0,0,0,0,0,0,0,4/3/2020
1598,0,0,0,0,0,0,1,4/16/2019
1599,0,0,0,0,0,0,0,12/31/2019
1600,0,0,0,0,0,0,0,10/11/2019
1601,0,0,0,0,0,0,0,8/23/2019
1602,0,0,0,0,0,0,0,1/22/2019
1603,0,0,0,0,0,0,0,12/16/2019
1604,0,0,0,0,0,0,0,12/19/2019
1605,0,1,1,0,0,0,0,8/14/2020
1606,0,0,0,0,0,0,0,6/3/2020
1607,0,0,0,1,0,0,0,11/8/2019
1608,0,0,0,0,0,0,0,6/27/2019
1609,0,0,0,0,0,0,0,11/8/2019
1610,0,0,0,0,0,0,1,2/26/2019
1611,0,0,0,0,0,0,0,2/11/2019
1612,0,0,0,0,0,0,0,5/25/2019
1613,0,0,0,0,0,0,0,4/25/2020
1614,0,0,0,0,0,0,0,11/17/2020
1615,0,0,0,0,0,0,0,6/21/2020
1616,1,0,0,0,0,0,1,7/22/2020
1617,0,0,0,0,0,0,1,9/23/2019
1618,0,0,0,0,0,0,0,8/14/2020
1619,0,0,0,0,0,0,0,11/9/2019
1620,0,0,0,0,0,0,0,6/15/2019
1621,0,0,0,0,0,0,1,3/5/2019
1622,1,0,0,0,0,0,0,4/12/2020
1623,0,0,0,0,0,0,0,3/12/2019
1624,0,0,0,0,0,0,0,10/17/2020
1625,0,0,0,0,0,0,0,6/6/2019
1626,1,0,0,0,0,0,0,10/12/2019
1627,0,1,1,0,0,0,1,8/15/2019
1628,0,0,0,0,0,0,0,1/23/2020
1629,0,0,1,1,0,0,1,6/28/2019
1630,0,0,0,0,0,0,0,5/19/2020
1631,0,0,0,0,0,0,0,10/27/2020
1632,0,0,0,0,0,0,0,2/21/2020
1633,0,1,0,0,0,0,0,7/24/2020
1634,0,0,0,0,0,0,0,2/1/2019
1635,0,0,0,0,0,0,0,1/17/2019
1636,0,0,0,0,0,0,0,9/17/2020
1637,0,0,0,0,0,0,0,1/8/2019
1638,0,0,0,0,0,0,0,6/10/2020
1639,0,0,0,0,0,0,0,2/27/2019
1640,0,0,0,0,0,0,0,2/5/2020
1641,1,0,0,0,0,0,0,3/27/2020
1642,0,0,0,0,0,0,0,5/14/2019
1643,0,0,0,0,0,0,0,4/20/2020
1644,0,0,0,0,0,0,0,5/31/2020
1645,0,0,0,0,0,0,0,2/12/2019
1646,0,0,0,0,0,0,0,6/8/2019
1647,0,0,0,0,0,0,0,6/4/2019
1648,0,0,0,0,0,0,0,10/21/2019
1649,0,0,0,0,0,0,0,3/1/2020
1650,0,0,0,0,0,0,0,10/14/2019
1651,0,0,0,0,0,0,0,4/13/2020
1652,0,0,0,0,0,0,0,1/3/2020
1653,0,0,0,0,0,0,0,4/14/2020
1654,0,0,0,0,0,0,0,2/17/2019
1655,0,0,0,0,0,0,0,5/22/2020
1656,0,0,0,0,0,0,0,5/8/2019
1657,0,0,0,0,0,0,0,10/26/2020
1658,0,0,0,1,0,0,1,4/6/2019
1659,0,0,0,0,0,0,0,6/8/2020
1660,1,0,0,0,0,0,1,11/21/2019
1661,0,0,0,0,0,0,0,5/29/2020
1662,0,0,0,0,0,0,0,3/24/2020
1663,0,0,0,0,0,0,0,2/4/2019
1664,0,0,0,0,0,0,0,12/30/2019
1665,0,0,0,0,0,0,0,3/30/2020
1666,0,0,0,0,0,0,0,5/25/2020
1667,0,0,0,0,0,0,0,8/12/2019
1668,0,0,0,0,0,0,1,2/17/2019
1669,0,0,1,1,0,0,0,10/20/2020
1670,0,0,0,0,0,0,0,3/6/2020
1671,0,1,0,0,0,0,1,3/11/2019
1672,0,0,0,0,0,0,0,1/30/2020
1673,0,0,0,0,0,0,0,12/17/2019
1674,0,0,0,0,0,0,0,4/8/2020
1675,0,0,0,0,0,0,1,11/3/2019
1676,0,0,0,0,0,0,0,12/31/2019
1677,0,0,0,0,0,0,0,8/30/2020
1678,0,0,0,0,0,0,1,9/13/2019
1679,0,0,0,0,0,0,0,4/9/2020
1680,0,0,0,1,0,0,0,9/13/2020
1681,0,0,0,0,0,0,0,2/22/2020
1682,0,0,0,0,0,0,0,8/16/2020
1683,1,0,0,0,0,0,0,7/18/2020
1684,0,1,1,1,0,0,1,10/3/2020
1685,0,0,0,0,0,0,0,6/1/2020
1686,1,0,1,0,0,0,0,6/17/2019
1687,0,0,0,0,0,0,0,12/1/2020
1688,0,0,0,0,0,0,0,9/15/2019
1689,1,0,0,0,0,0,0,4/27/2020
1690,1,0,0,0,0,0,1,6/17/2019
1691,0,0,0,0,0,0,0,12/17/2019
1692,0,0,0,0,0,0,0,3/28/2019
1693,0,0,0,0,0,0,0,7/28/2019
1694,0,0,0,0,0,0,0,10/19/2019
1695,0,0,0,0,0,0,0,1/12/2020
1696,0,0,0,0,0,0,0,5/14/2019
1697,0,0,1,0,0,0,1,2/28/2019
1698,0,0,0,0,0,0,0,7/19/2019
1699,0,0,0,0,0,0,0,9/5/2019
1700,0,0,0,0,0,0,0,9/2/2020
1701,0,0,0,0,0,0,0,5/26/2019
1702,0,0,0,0,0,0,0,10/7/2019
1703,0,0,0,0,0,0,0,10/27/2020
1704,0,0,0,0,0,0,0,7/21/2019
1705,1,0,0,0,0,0,1,1/6/2019
1706,0,0,0,0,0,0,0,11/12/2020
1707,0,0,0,1,0,0,0,4/29/2020
1708,0,0,0,0,0,0,0,7/1/2020
1709,0,0,0,0,0,0,0,3/17/2020
1710,0,0,1,0,0,0,0,9/20/2019
1711,0,0,0,0,0,0,0,3/3/2020
1712,0,0,0,0,0,0,0,1/12/2019
1713,0,0,0,0,0,0,0,11/17/2019
1714,0,0,0,0,0,0,0,3/22/2020
1715,0,1,1,1,0,0,0,3/15/2020
1716,0,1,1,1,0,0,1,10/3/2020
1717,0,0,0,0,0,0,0,9/3/2019
1718,0,0,0,0,0,0,0,11/7/2020
1719,0,0,0,0,0,0,0,8/23/2019
1720,0,0,0,0,0,0,0,1/14/2019
1721,0,0,0,0,0,0,0,8/28/2019
1722,0,0,0,0,0,0,0,8/11/2019
1723,0,0,0,0,0,0,0,6/7/2020
1724,0,0,0,0,0,0,0,1/6/2020
1725,0,0,0,1,0,0,0,7/1/2020
1726,0,0,1,0,0,0,0,10/17/2019
1727,0,0,0,0,0,0,0,5/15/2020
1728,0,0,0,0,0,0,0,8/13/2020
1729,1,0,0,0,0,0,0,2/20/2020
1730,1,0,0,0,0,0,1,7/5/2020
1731,0,0,0,0,0,0,0,6/6/2020
1732,0,0,0,0,0,0,0,3/9/2020
1733,0,0,0,0,0,0,0,5/31/2020
1734,0,1,1,1,0,0,1,8/5/2019
1735,0,0,0,0,0,0,0,10/6/2020
1736,0,0,0,0,0,0,0,7/17/2019
1737,0,0,0,0,0,0,1,1/16/2019
1738,0,0,0,0,0,0,0,2/24/2020
1739,0,0,0,0,0,0,0,8/20/2019
1740,0,0,0,0,0,0,0,9/10/2020
1741,0,0,0,0,0,0,0,3/9/2020
1742,0,0,0,0,0,0,0,9/28/2020
1743,0,0,0,0,0,0,0,4/3/2020
1744,1,0,0,0,0,0,1,10/15/2019
1745,0,0,0,0,0,0,0,10/26/2020
1746,0,0,0,0,0,0,0,10/2/2019
1747,0,0,0,0,0,0,0,2/16/2019
1748,0,0,0,0,0,0,0,2/10/2019
1749,0,0,0,0,0,0,0,2/6/2020
1750,0,0,0,0,0,0,0,10/31/2019
1751,0,0,0,0,0,0,0,12/8/2019
1752,0,0,0,0,0,0,0,5/18/2020
1753,0,0,0,0,0,0,1,9/29/2019
1754,0,0,0,0,0,0,0,9/18/2019
1755,0,0,0,0,0,0,0,5/15/2019
1756,0,0,0,0,0,0,0,8/11/2019
1757,0,0,0,0,0,0,0,2/4/2020
1758,0,0,0,0,0,0,0,7/2/2020
1759,0,0,0,0,0,0,0,5/24/2020
1760,0,0,0,0,0,0,0,2/17/2020
1761,0,0,0,0,0,0,0,9/9/2020
1762,0,0,0,0,0,0,0,9/18/2020
1763,0,0,0,0,0,0,0,10/15/2020
1764,0,0,0,0,0,0,0,8/23/2020
1765,0,0,0,0,0,0,0,11/23/2019
1766,0,0,0,0,0,0,0,4/5/2019
1767,0,0,0,0,0,0,0,7/22/2020
1768,1,0,0,0,0,0,1,6/9/2019
1769,1,0,0,0,0,0,0,11/2/2020
1770,0,0,0,0,0,0,0,2/13/2019
1771,0,0,0,0,0,0,0,6/22/2019
1772,0,1,1,1,0,0,1,4/14/2019
1773,1,0,0,0,0,0,0,12/24/2019
1774,0,0,0,0,0,0,0,4/4/2020
1775,0,0,0,0,0,0,0,9/10/2019
1776,0,1,0,0,0,0,0,6/27/2019
1777,0,0,0,0,0,0,0,12/2/2020
1778,0,0,0,0,0,0,0,3/30/2019
1779,0,0,0,0,0,0,0,8/7/2019
1780,0,0,0,0,0,0,0,5/20/2020
1781,0,0,0,0,0,0,0,5/19/2020
1782,0,0,0,0,0,0,0,8/31/2019
1783,0,0,0,0,0,0,0,6/26/2019
1784,0,0,0,0,0,0,0,4/11/2020
1785,0,1,0,1,1,0,1,9/11/2019
1786,0,0,0,0,0,0,0,4/10/2020
1787,0,0,0,0,0,0,0,8/27/2020
1788,0,0,0,0,0,0,0,3/27/2020
1789,0,1,0,0,0,0,0,8/27/2019
1790,0,0,0,0,0,0,0,9/11/2019
1791,0,0,0,0,0,0,0,3/22/2020
1792,0,0,0,0,0,0,1,9/25/2019
1793,0,0,0,0,0,0,0,11/4/2020
1794,0,0,0,0,0,0,0,7/12/2019
1795,0,0,0,0,0,0,0,4/29/2020
1796,0,0,0,0,0,0,0,10/16/2020
1797,0,0,0,0,0,0,0,8/16/2020
1798,0,0,0,0,0,0,0,5/1/2019
1799,0,0,0,0,0,0,0,9/2/2020
1800,0,0,0,0,0,0,0,2/6/2020
1801,0,0,1,1,0,0,1,10/10/2019
1802,0,0,0,0,0,0,0,1/13/2020
1803,0,0,0,0,1,0,1,11/19/2020
1804,0,0,0,0,0,0,0,9/23/2019
1805,0,1,1,1,1,0,1,10/27/2019
1806,0,0,0,0,0,0,0,9/21/2019
1807,0,1,1,0,0,0,0,10/12/2019
1808,0,0,0,0,0,0,0,6/19/2019
1809,0,0,0,0,0,0,0,10/16/2019
1810,0,0,0,0,0,0,0,8/5/2020
1811,0,0,0,0,0,0,0,4/28/2020
1812,0,0,0,0,0,0,0,2/15/2019
1813,0,0,0,0,0,0,0,10/10/2019
1814,0,0,0,0,0,0,0,3/8/2020
1815,0,0,0,0,0,0,0,7/22/2019
1816,0,0,0,0,0,0,0,9/3/2019
1817,0,0,0,0,0,0,0,9/30/2019
1818,0,0,0,0,0,0,0,2/28/2019
1819,0,0,0,0,0,0,0,12/7/2019
1820,1,0,0,0,0,0,0,8/25/2020
1821,0,0,0,0,0,0,0,1/10/2020
1822,0,0,0,0,0,0,0,5/6/2019
1823,0,0,0,0,0,0,0,10/16/2020
1824,0,0,0,0,0,0,0,4/17/2019
1825,0,0,0,0,0,0,0,1/1/2020
1826,1,0,1,0,1,0,1,6/19/2020
1827,0,0,0,0,0,0,0,3/6/2019
1828,0,0,0,0,0,0,0,5/31/2019
1829,0,0,0,0,0,0,0,3/29/2020
1830,0,0,0,0,0,0,0,10/15/2019
1831,0,0,0,0,0,0,0,11/18/2019
1832,0,0,0,0,0,0,0,6/17/2020
1833,1,0,0,1,0,0,0,4/13/2019
1834,1,0,0,0,0,0,0,10/30/2020
1835,0,1,0,1,0,0,1,8/21/2020
1836,0,0,0,0,0,0,0,9/6/2019
1837,0,0,0,0,0,0,0,8/8/2020
1838,0,0,0,0,0,0,0,7/27/2019
1839,0,0,0,0,0,0,0,3/11/2019
1840,0,0,1,0,0,0,0,10/10/2019
1841,0,0,0,0,0,0,0,7/2/2020
1842,0,0,0,0,0,0,0,7/22/2020
1843,0,0,0,0,0,0,0,6/16/2019
1844,0,0,0,0,0,0,0,3/11/2019
1845,0,0,0,0,0,0,0,5/23/2020
1846,0,0,0,0,0,0,0,11/16/2019
1847,0,0,0,0,0,0,0,8/31/2019
1848,0,0,0,0,0,0,0,2/29/2020
1849,0,0,0,0,0,0,0,10/11/2019
1850,0,0,0,0,0,0,0,3/24/2019
1851,0,1,0,0,1,0,0,3/4/2020
1852,0,1,0,0,0,0,0,6/12/2020
1853,0,0,0,0,0,0,0,11/15/2020
1854,0,0,0,0,0,0,0,9/8/2020
1855,0,0,0,0,0,0,0,3/12/2020
1856,1,0,1,1,0,0,0,2/22/2020
1857,0,0,0,0,0,0,0,12/5/2019
1858,0,0,0,0,0,0,0,7/22/2019
1859,0,0,0,0,0,0,0,9/9/2020
1860,0,0,0,0,0,0,0,6/24/2019
1861,1,0,0,0,0,0,1,7/17/2020
1862,0,0,0,0,0,0,0,3/23/2019
1863,0,0,0,0,0,0,0,12/28/2019
1864,0,0,0,0,0,0,0,11/23/2020
1865,0,0,0,0,0,0,1,2/17/2019
1866,0,0,0,0,0,0,0,12/7/2019
1867,0,0,0,0,0,0,0,5/3/2019
1868,0,0,0,0,0,0,0,5/17/2020
1869,0,0,0,0,0,0,0,9/6/2019
1870,0,0,0,0,0,0,0,5/22/2020
1871,1,0,0,0,0,0,0,7/17/2019
1872,0,0,0,0,0,0,0,2/13/2019
1873,0,0,0,0,0,0,0,6/20/2020
1874,0,0,0,0,0,0,0,10/4/2020
1875,1,0,0,0,0,0,1,7/9/2019
1876,0,0,0,0,0,0,0,5/19/2019
1877,0,0,0,0,0,0,1,1/12/2020
1878,0,0,0,0,0,0,0,6/29/2020
1879,0,0,0,0,0,0,0,1/16/2020
1880,0,0,0,0,0,0,0,3/28/2020
1881,0,0,0,0,0,0,0,7/14/2019
1882,0,0,0,0,0,0,0,1/21/2020
1883,0,0,0,0,0,0,0,12/19/2019
1884,0,0,0,0,0,0,0,5/10/2020
1885,0,0,0,0,0,0,0,8/29/2019
1886,0,0,0,0,0,0,0,9/13/2020
1887,0,0,0,1,0,0,1,4/27/2020
1888,0,0,0,0,0,0,0,5/8/2020
1889,0,0,0,0,0,0,0,6/10/2020
1890,0,0,0,0,0,0,0,8/14/2020
1891,0,0,0,0,0,0,0,12/4/2019
1892,0,0,0,0,0,0,0,4/13/2020
1893,0,0,0,0,0,0,1,7/2/2019
1894,0,0,0,0,0,0,1,12/19/2019
1895,0,0,1,0,0,0,1,5/10/2019
1896,0,0,0,0,0,0,0,10/16/2019
1897,0,0,0,0,0,0,0,6/1/2020
1898,0,1,1,0,0,0,1,1/12/2020
1899,0,0,0,0,0,0,0,4/23/2020
1900,0,0,0,1,0,0,0,10/23/2019
1901,1,0,0,0,1,0,0,9/17/2020
1902,0,0,0,0,0,0,0,9/22/2019
1903,0,0,0,0,0,0,1,7/1/2019
1904,0,0,0,0,0,0,0,10/8/2020
1905,0,0,0,1,0,0,0,10/22/2020
1906,0,0,0,0,0,0,0,2/5/2019
1907,0,0,0,1,0,0,0,7/17/2020
1908,0,1,0,0,0,0,0,6/5/2020
1909,0,0,0,0,0,0,0,10/8/2020
1910,0,0,0,0,0,0,0,4/23/2020
1911,0,0,0,0,0,0,0,9/12/2020
1912,0,0,0,0,0,0,0,7/17/2020
1913,0,1,0,0,0,0,0,1/17/2019
1914,0,0,0,0,0,0,0,5/29/2019
1915,0,0,0,0,0,0,0,10/26/2020
1916,0,0,0,0,0,0,0,10/29/2020
1917,0,0,0,0,0,0,0,3/30/2020
1918,0,0,0,1,0,0,0,10/27/2019
1919,0,0,0,0,0,0,0,12/19/2019
1920,0,0,0,0,0,0,0,1/14/2020
1921,0,0,0,0,0,0,0,11/15/2019
1922,0,0,0,0,0,0,0,12/25/2019
1923,0,0,1,0,0,0,1,11/2/2019
1924,0,1,1,1,0,0,1,8/9/2019
1925,0,0,0,0,0,0,0,5/29/2019
1926,0,1,1,0,0,0,0,3/8/2019
1927,0,0,0,0,0,0,0,7/23/2020
1928,0,0,0,0,0,0,0,3/6/2020
1929,0,0,0,0,0,0,0,5/12/2020
1930,0,0,0,0,0,0,0,3/8/2019
1931,0,0,0,0,0,0,0,10/14/2020
1932,1,0,0,0,0,0,0,10/12/2020
1933,0,0,0,0,0,0,1,7/6/2019
1934,0,0,0,0,0,0,0,10/16/2019
1935,0,0,0,0,0,0,0,10/15/2020
1936,0,0,0,0,0,0,0,7/18/2019
1937,0,0,0,0,0,0,1,5/8/2019
1938,0,0,0,0,0,0,0,1/22/2019
1939,0,0,0,0,0,0,0,10/11/2020
1940,0,0,0,0,0,0,0,10/2/2019
1941,0,0,0,0,0,0,0,2/26/2019
1942,0,0,0,0,0,0,0,10/11/2020
1943,0,0,0,0,0,0,1,6/6/2019
1944,0,0,0,0,0,0,0,3/20/2020
1945,0,0,0,0,0,0,0,11/29/2020
1946,0,0,0,0,0,0,0,2/17/2020
1947,0,0,1,1,0,0,1,1/24/2020
1948,0,0,0,0,0,0,0,3/19/2019
1949,0,0,0,0,0,0,1,9/18/2019
1950,0,0,0,0,0,0,0,3/20/2019
1951,0,0,0,0,0,0,0,7/9/2020
1952,0,0,0,0,0,0,0,6/24/2019
1953,0,0,0,0,0,1,0,4/19/2019
1954,0,0,0,0,0,0,0,4/23/2020
1955,0,0,0,0,0,0,0,3/21/2019
1956,0,0,0,0,0,0,0,7/10/2020
1957,0,0,1,0,0,0,0,1/6/2019
1958,0,0,0,0,0,0,0,3/17/2020
1959,0,0,0,0,0,0,0,6/9/2020
1960,1,0,0,0,0,0,0,2/17/2020
1961,0,0,0,0,0,0,0,12/17/2019
1962,0,0,0,0,0,0,0,11/26/2020
1963,0,0,0,0,0,0,0,1/12/2020
1964,0,0,0,0,0,0,0,3/20/2020
1965,0,0,1,1,0,0,1,1/20/2020
1966,0,0,0,0,0,0,0,1/26/2020
1967,0,0,0,0,0,0,0,5/1/2020
1968,1,0,1,1,0,0,1,3/31/2020
1969,0,0,0,0,0,0,0,10/17/2019
1970,0,0,0,0,0,0,0,12/3/2020
1971,0,1,1,1,1,0,1,8/25/2020
1972,0,0,0,0,0,0,0,5/6/2019
1973,1,0,0,0,0,0,0,2/5/2019
1974,0,0,0,0,0,0,0,7/25/2020
1975,0,0,0,0,0,0,0,11/26/2020
1976,0,0,0,0,0,0,0,8/30/2020
1977,0,0,0,1,0,0,0,4/15/2020
1978,0,0,0,0,0,0,0,8/1/2020
1979,1,0,0,0,0,0,0,1/18/2020
1980,0,0,0,0,0,0,0,4/9/2020
1981,0,1,1,0,0,0,1,2/15/2019
1982,0,0,1,1,0,0,1,3/15/2020
1983,1,0,0,1,0,0,1,9/1/2019
1984,0,0,0,0,0,0,0,7/21/2019
1985,0,0,0,0,0,0,0,10/22/2019
1986,1,0,0,0,0,0,1,7/10/2019
1987,0,0,0,0,0,0,0,4/12/2019
1988,0,0,1,0,0,0,0,10/17/2019
1989,1,0,0,0,0,0,0,7/2/2020
1990,0,0,0,0,0,0,0,10/15/2019
1991,0,1,1,1,0,0,0,1/30/2019
1992,0,0,0,0,0,0,0,6/17/2020
1993,0,0,0,0,0,0,0,8/12/2019
1994,0,0,0,0,0,0,0,2/15/2019
1995,0,0,0,0,0,0,0,9/22/2020
1996,0,0,0,0,0,0,0,9/23/2020
1997,0,0,1,0,0,0,0,9/11/2020
1998,0,0,0,0,0,0,0,11/2/2019
1999,0,0,0,0,0,0,0,6/10/2019
2000,0,0,0,0,0,0,0,7/28/2019
2001,0,0,0,0,0,0,0,11/23/2020
2002,0,0,0,0,0,0,0,12/12/2019
2003,0,0,0,0,0,0,1,8/9/2019
2004,0,0,0,0,0,0,0,11/28/2020
2005,0,0,0,0,0,0,0,4/10/2019
2006,0,0,0,0,0,0,0,9/13/2019
2007,1,0,0,0,0,0,1,1/26/2020
2008,0,0,0,0,0,0,0,7/6/2019
2009,0,0,0,0,0,0,0,1/6/2020
2010,0,0,0,0,0,0,0,4/11/2019
2011,0,0,1,0,0,0,1,12/4/2019
2012,0,0,0,0,0,0,1,6/24/2019
2013,0,0,0,0,0,0,0,11/29/2020
2014,0,0,0,0,0,0,0,6/29/2019
2015,0,0,1,0,0,0,0,10/16/2020
2016,0,0,0,0,0,0,0,2/3/2019
2017,0,0,0,0,0,0,0,8/2/2020
2018,0,0,0,0,0,0,0,2/23/2020
2019,1,0,0,0,0,0,1,9/3/2020
2020,0,0,0,0,0,0,0,11/3/2019
2021,1,0,0,0,0,0,0,9/27/2020
2022,0,0,0,0,0,1,0,4/10/2019
2023,0,0,0,0,0,0,0,2/23/2019
2024,0,0,0,1,0,0,0,10/27/2020
2025,0,0,0,0,0,0,1,1/4/2020
2026,0,0,0,0,0,0,0,3/20/2019
2027,0,0,0,0,0,0,0,3/1/2020
2028,0,0,0,0,0,0,0,3/19/2020
2029,0,0,0,0,0,0,1,4/20/2019
2030,0,1,0,0,0,0,0,12/10/2019
2031,0,0,1,0,0,0,0,9/11/2020
2032,1,0,0,0,0,0,0,11/9/2020
2033,0,0,0,0,0,0,0,7/24/2019
2034,0,0,0,0,0,0,1,7/22/2019
2035,0,0,0,0,0,0,0,9/10/2019
2036,0,0,0,0,0,0,0,3/12/2019
2037,0,0,0,0,0,0,0,2/3/2019
2038,0,0,0,0,0,0,0,1/14/2020
2039,0,0,0,0,0,0,0,5/4/2019
2040,0,0,0,0,0,0,0,9/5/2019
2041,0,1,0,0,0,0,0,3/8/2019
2042,1,0,0,0,0,0,0,12/30/2019
2043,0,0,0,0,0,0,1,6/17/2019
2044,1,0,0,0,0,0,0,10/23/2020
2045,0,0,0,0,0,0,0,9/15/2020
2046,0,0,0,0,0,0,0,2/17/2019
2047,1,0,0,1,0,0,1,10/5/2020
2048,0,0,0,0,0,0,0,1/8/2019
2049,0,0,0,0,0,0,0,1/9/2019
2050,0,0,0,0,0,1,0,8/8/2020
2051,0,0,0,0,0,0,0,10/29/2020
2052,0,0,0,0,0,0,0,5/10/2019
2053,0,0,0,0,0,0,0,5/7/2019
2054,0,0,0,0,0,0,0,7/31/2020
2055,0,0,0,0,0,0,0,12/23/2019
2056,0,0,0,1,0,0,0,12/8/2019
2057,1,0,1,0,0,0,0,10/6/2019
2058,0,0,0,0,0,0,0,1/25/2020
2059,0,0,0,0,0,0,0,6/28/2020
2060,0,0,0,0,0,0,0,9/27/2019
2061,0,0,0,0,0,0,0,8/21/2020
2062,0,0,0,0,0,0,1,4/24/2019
2063,0,0,0,0,0,0,1,1/27/2019
2064,0,0,0,0,0,0,0,1/22/2020
2065,0,0,0,1,0,0,1,7/10/2019
2066,0,0,0,0,0,0,0,7/12/2019
2067,0,0,0,0,0,0,0,3/18/2020
2068,0,1,1,1,1,0,1,6/11/2019
2069,0,0,0,0,0,0,0,10/7/2020
2070,0,0,0,0,0,0,1,8/21/2020
2071,0,0,1,0,0,0,0,11/2/2020
2072,0,0,0,0,0,0,0,9/30/2020
2073,0,0,0,0,0,0,0,1/28/2020
2074,0,0,0,0,0,0,0,11/27/2019
2075,0,0,0,0,0,0,0,8/16/2020
2076,0,0,0,0,0,0,0,1/12/2020
2077,0,0,0,0,0,0,0,11/6/2020
2078,0,0,0,0,0,0,0,4/7/2019
2079,0,0,0,0,0,0,0,9/28/2019
2080,0,0,0,0,0,0,0,6/9/2019
2081,1,0,1,1,0,0,1,3/14/2020
2082,0,0,0,0,0,0,0,10/25/2019
2083,0,0,0,0,0,0,0,1/7/2020
2084,0,0,0,0,0,0,0,4/1/2020
2085,0,0,0,0,0,0,0,8/28/2020
2086,0,0,0,1,0,0,0,4/21/2020
2087,0,0,0,0,0,0,0,11/23/2020
2088,0,0,0,0,0,0,0,1/8/2020
2089,0,1,0,0,0,0,0,7/6/2020
2090,0,0,0,0,0,0,0,11/4/2020
2091,0,0,0,0,0,0,0,8/2/2019
2092,0,0,0,1,0,0,1,8/6/2019
2093,0,0,0,0,0,0,0,7/16/2020
2094,0,1,0,0,0,0,0,7/24/2020
2095,0,0,0,0,0,0,0,2/4/2020
2096,0,1,1,0,0,0,0,2/2/2020
2097,1,0,0,0,0,0,1,3/22/2020
2098,1,0,0,0,0,0,1,2/25/2020
2099,0,0,0,0,0,0,0,6/23/2019
2100,0,0,0,0,0,0,0,2/17/2020
2101,0,0,0,0,0,0,0,3/12/2020
2102,0,0,0,0,0,0,0,4/29/2019
2103,0,0,0,0,0,0,0,10/22/2019
2104,0,0,0,0,0,0,0,5/30/2020
2105,0,0,0,0,0,0,0,4/25/2019
2106,0,0,0,0,0,0,1,5/25/2019
2107,0,0,0,0,0,0,0,1/13/2019
2108,0,0,0,0,0,0,0,9/28/2020
2109,0,0,0,0,0,0,0,6/19/2019
2110,0,0,0,0,0,0,1,5/26/2020
2111,0,1,0,0,0,0,0,6/22/2019
2112,0,0,0,0,0,0,0,3/16/2020
2113,0,0,0,0,0,0,0,11/11/2020
2114,0,0,0,1,0,0,0,4/19/2019
2115,0,1,1,1,0,0,1,4/4/2020
2116,0,0,0,0,0,0,0,10/28/2020
2117,0,0,0,0,0,0,0,1/10/2019
2118,0,0,0,0,0,0,1,10/8/2019
2119,0,0,0,0,0,0,0,10/26/2020
2120,0,0,0,0,0,0,0,7/10/2019
2121,0,0,0,0,0,0,0,11/25/2019
2122,0,0,0,0,0,0,0,7/8/2019
2123,0,0,0,0,0,0,0,10/15/2020
2124,0,0,0,0,0,0,0,1/22/2020
2125,0,0,0,0,0,0,0,4/11/2020
2126,0,0,0,0,0,0,0,6/27/2020
2127,1,0,0,0,0,0,1,4/25/2020
2128,0,0,0,0,0,0,0,2/19/2019
2129,0,0,0,0,0,0,0,4/18/2020
2130,1,0,0,0,0,0,1,3/20/2019
2131,0,0,0,0,0,0,0,12/11/2019
2132,0,0,0,0,0,0,0,2/3/2019
2133,0,0,0,0,0,0,0,2/3/2019
2134,0,0,1,0,0,0,1,2/27/2019
2135,0,0,0,0,0,0,0,9/7/2020
2136,0,0,0,0,0,0,0,11/1/2020
2137,0,0,0,0,0,0,1,12/26/2019
2138,0,0,0,0,0,0,0,5/12/2019
2139,0,0,0,0,0,0,0,11/2/2020
2140,0,0,0,0,0,0,0,8/16/2019
2141,0,0,0,0,0,0,0,8/27/2020
2142,0,0,0,0,0,0,0,2/19/2019
2143,0,1,0,0,0,0,0,3/27/2019
2144,0,0,0,0,0,0,0,1/27/2019
2145,0,0,0,0,0,0,0,3/19/2020
2146,0,0,0,0,0,0,0,10/28/2019
2147,0,0,0,0,0,0,0,12/10/2019
2148,0,0,0,0,0,0,0,1/27/2019
2149,0,0,0,0,0,0,0,11/3/2019
2150,0,0,0,0,0,0,0,6/28/2020
2151,1,0,0,0,0,0,0,7/24/2020
2152,0,0,0,0,0,0,0,8/21/2020
2153,0,0,0,0,0,0,0,1/31/2019
2154,0,1,0,0,0,0,0,6/18/2020
2155,0,0,0,0,0,0,0,6/15/2019
2156,0,0,0,0,0,0,0,4/19/2020
2157,0,0,0,0,0,0,0,4/10/2019
2158,0,0,0,0,0,0,0,10/22/2019
2159,0,0,0,0,0,0,0,9/18/2019
2160,0,0,1,0,0,0,0,7/20/2020
2161,0,0,0,0,0,1,0,6/20/2019
2162,0,0,0,0,0,0,0,6/12/2019
2163,0,1,0,0,0,0,1,6/26/2019
2164,0,0,0,0,0,0,0,10/8/2019
2165,0,0,0,0,0,0,0,10/12/2020
2166,0,0,0,0,0,0,0,1/7/2020
2167,0,0,0,0,0,0,0,1/27/2020
2168,0,0,0,1,0,0,0,1/30/2020
2169,0,0,0,0,0,0,0,5/13/2019
2170,0,0,0,0,0,0,0,8/3/2020
2171,0,0,0,0,0,0,1,5/29/2019
2172,0,1,1,0,0,0,1,4/24/2019
2173,0,0,0,0,0,0,0,9/24/2020
2174,0,0,0,0,0,0,0,7/24/2020
2175,0,0,0,0,0,0,0,9/27/2019
2176,0,0,0,0,0,0,0,9/26/2019
2177,0,0,0,0,0,0,0,2/6/2020
2178,0,1,0,0,0,0,0,9/5/2019
2179,0,0,0,0,0,0,0,9/9/2020
2180,0,0,0,0,0,0,0,2/14/2019
2181,0,0,0,0,0,0,0,2/16/2020
2182,0,0,0,0,0,1,0,7/2/2019
2183,0,0,0,0,0,0,0,6/6/2020
2184,1,0,0,0,0,0,1,3/17/2019
2185,0,0,0,0,0,0,0,1/22/2020
2186,1,0,0,0,0,0,0,7/28/2019
2187,0,0,1,0,0,0,0,4/28/2020
2188,0,0,0,0,0,0,0,4/4/2020
2189,1,0,0,0,0,0,0,7/23/2020
2190,0,0,0,0,0,0,0,10/27/2019
2191,0,1,0,0,0,0,0,3/18/2020
2192,0,0,0,0,0,1,0,9/20/2019
2193,1,0,0,0,0,0,0,4/2/2020
2194,0,0,1,0,0,0,0,8/17/2019
2195,0,0,0,0,0,0,0,4/7/2019
2196,0,0,0,0,0,0,1,12/3/2019
2197,0,0,0,0,0,0,0,12/22/2019
2198,0,0,0,0,0,0,0,1/13/2019
2199,0,0,0,0,0,0,0,3/12/2020
2200,0,0,0,0,0,0,0,6/26/2019
2201,0,0,0,0,0,0,0,1/27/2019
2202,0,0,0,0,0,0,0,2/27/2020
2203,0,0,0,1,0,0,0,7/3/2019
2204,1,0,0,0,0,0,0,1/4/2020
2205,0,0,0,0,0,0,0,2/27/2020
2206,0,0,0,0,0,0,0,10/3/2019
2207,0,1,0,0,0,0,0,3/18/2020
2208,1,0,0,0,0,0,1,3/29/2019
2209,0,0,0,0,0,0,0,1/20/2020
2210,0,0,0,0,0,0,0,9/3/2020
2211,0,0,0,0,0,0,0,7/23/2019
2212,0,0,0,0,0,0,0,12/4/2019
2213,0,0,0,0,0,0,0,7/16/2020
2214,0,0,0,0,0,0,0,8/26/2019
2215,0,0,0,0,0,0,0,10/6/2020
2216,0,0,0,0,0,0,0,10/30/2020
2217,0,0,0,0,0,0,0,9/21/2020
2218,0,1,1,0,1,0,0,3/10/2020
2219,0,0,0,0,0,0,0,12/9/2019
2220,0,0,0,0,0,0,0,5/5/2020
2221,0,0,0,0,0,0,0,6/24/2020
2222,0,0,0,0,0,0,0,3/9/2020
2223,1,0,0,0,0,0,0,10/28/2020
2224,0,0,0,0,0,0,0,9/24/2020
2225,0,0,0,0,0,0,0,1/9/2019
2226,0,0,0,0,0,0,0,10/22/2020
2227,0,0,0,0,0,0,0,5/10/2019
2228,0,0,0,0,0,0,0,9/10/2019
2229,0,0,0,0,0,0,0,8/28/2020
2230,0,1,0,0,0,0,0,10/28/2020
2231,0,0,1,1,0,0,1,2/1/2020
2232,0,1,0,0,0,0,0,12/21/2019
2233,1,0,0,0,0,0,1,7/30/2019
2234,0,0,0,0,0,0,0,2/17/2020
2235,0,0,0,0,0,0,0,3/24/2020
2236,0,0,0,0,0,0,1,1/4/2019
2237,0,0,0,0,0,0,1,1/8/2019
2238,0,0,0,0,0,0,0,10/16/2020
2239,1,0,0,0,0,0,0,8/23/2020
2240,0,0,1,1,0,0,0,1/21/2020
2241,1,0,0,0,0,0,0,10/23/2020
2242,0,0,1,0,0,0,1,10/27/2019
2243,1,0,0,1,0,0,0,5/11/2020
2244,0,0,0,0,0,0,0,12/11/2019
2245,0,0,0,0,0,0,1,8/10/2020
2246,1,0,1,1,0,0,1,3/14/2020
2247,0,0,0,0,0,0,1,3/1/2019
2248,0,0,0,0,0,0,0,7/16/2019
2249,0,0,0,0,0,0,0,1/25/2020
2250,0,0,0,0,0,0,0,11/25/2020
2251,0,1,0,0,0,0,0,9/11/2020
2252,0,0,0,0,0,0,0,6/29/2019
2253,1,0,0,0,0,0,1,1/31/2019
2254,0,0,0,0,0,0,0,8/24/2019
2255,0,0,0,0,0,0,0,4/28/2019
2256,0,1,0,0,0,0,0,8/3/2019
2257,1,0,0,0,0,0,0,5/22/2020
2258,0,0,0,0,0,1,0,6/8/2019
2259,0,0,0,1,0,0,0,2/26/2019
2260,0,0,0,0,0,0,0,5/5/2020
2261,0,0,1,0,0,0,1,1/14/2019
2262,0,1,0,0,1,0,1,1/23/2019
2263,0,0,0,0,0,0,0,2/25/2019
2264,0,0,0,0,0,0,0,12/26/2019
2265,0,0,0,0,0,0,0,4/12/2019
2266,0,0,0,0,0,0,0,8/19/2019
2267,0,1,0,0,0,0,1,4/30/2019
2268,0,0,0,0,0,0,0,11/13/2019
2269,1,0,1,1,0,0,1,7/18/2019
2270,0,0,0,0,0,0,0,6/6/2019
2271,0,0,0,0,0,0,0,2/10/2020
2272,0,0,0,0,0,0,0,1/5/2020
2273,0,0,0,0,0,0,0,8/22/2020
2274,0,0,0,0,0,0,0,5/13/2020
2275,0,0,0,0,0,0,0,9/16/2020
2276,0,0,0,0,0,0,0,9/2/2020
2277,0,0,0,0,0,0,0,3/31/2020
2278,0,1,0,0,0,0,0,11/29/2019
2279,0,0,1,0,0,0,1,7/26/2020
2280,0,0,0,0,0,0,0,6/3/2019
2281,0,1,1,1,0,0,1,8/9/2019
2282,0,0,0,0,0,0,0,7/25/2020
2283,0,0,0,0,0,0,0,8/2/2019
2284,0,1,0,0,0,0,0,4/8/2019
2285,0,0,0,0,0,0,0,12/3/2019
2286,0,0,0,0,0,0,0,9/8/2019
2287,0,1,1,0,0,0,0,10/27/2020
2288,1,0,1,1,1,0,1,6/20/2020
2289,0,0,0,0,0,0,0,12/27/2019
2290,0,0,0,0,0,0,0,7/7/2020
2291,0,0,0,0,0,0,0,4/30/2019
2292,0,0,0,0,0,0,0,1/31/2020
2293,0,0,0,0,0,0,0,4/12/2020
2294,0,0,0,0,0,0,0,6/17/2020
2295,0,0,0,0,0,0,0,9/25/2019
2296,0,0,0,0,0,0,0,3/7/2020
2297,0,0,0,0,0,0,0,11/14/2020
2298,0,0,0,0,0,0,0,1/3/2020
2299,0,0,0,0,0,0,0,7/8/2020
2300,0,0,0,0,0,0,0,9/27/2019
2301,0,0,0,0,0,0,0,11/11/2019
2302,0,0,1,0,0,0,0,6/13/2020
2303,1,0,0,0,0,1,1,2/8/2019
2304,0,0,0,0,0,0,0,9/2/2020
2305,0,0,0,0,0,0,0,7/22/2019
2306,0,0,0,0,0,0,0,9/22/2020
2307,0,0,0,0,0,0,0,3/1/2020
2308,0,0,0,0,0,0,0,5/18/2020
2309,1,0,0,0,0,0,1,4/23/2020
2310,0,0,0,0,0,0,0,8/11/2020
2311,0,0,0,0,0,0,1,5/19/2019
2312,0,1,0,1,0,0,0,2/23/2020
2313,0,0,0,0,0,0,0,1/3/2020
2314,0,1,1,1,0,0,1,1/23/2019
2315,0,0,0,0,0,0,0,2/22/2020
2316,0,0,0,0,0,0,0,10/13/2019
2317,0,0,0,0,0,0,0,9/24/2020
2318,0,0,0,0,0,0,0,3/22/2020
2319,0,0,0,0,0,0,1,1/13/2019
2320,0,1,0,0,0,0,0,11/2/2020
2321,0,0,0,0,0,0,0,4/28/2019
2322,0,1,0,0,0,0,1,3/8/2019
2323,0,0,0,0,0,0,0,7/24/2019
2324,0,0,0,0,0,0,0,8/25/2019
2325,0,0,0,0,0,0,0,7/28/2019
2326,0,0,0,0,0,0,0,7/18/2019
2327,0,0,0,0,0,0,0,11/25/2019
2328,0,1,0,0,0,0,0,2/5/2020
2329,0,0,0,0,0,0,1,10/8/2019
2330,0,0,0,0,0,0,0,9/4/2019
2331,0,0,0,0,0,0,1,3/27/2020
2332,0,0,0,0,0,0,0,4/15/2019
2333,0,0,0,0,0,0,0,7/3/2020
2334,0,0,1,0,0,0,1,4/16/2019
2335,0,0,0,0,0,0,0,8/22/2019
2336,1,0,0,0,0,0,0,9/27/2019
2337,0,0,0,0,0,0,0,10/2/2020
2338,0,0,0,0,0,0,0,6/4/2020
2339,0,0,0,0,0,0,0,3/10/2020
2340,0,0,0,0,0,0,0,3/3/2019
2341,1,0,0,0,0,0,0,4/29/2020
2342,0,0,0,0,0,0,0,11/4/2019
2343,0,0,0,0,0,0,0,1/5/2019
2344,0,1,0,0,0,0,0,12/30/2019
2345,0,0,0,0,0,0,1,2/9/2019
2346,0,0,0,0,0,0,0,4/13/2020
2347,0,0,0,0,0,0,0,5/1/2020
2348,0,0,0,0,0,0,0,6/1/2020
2349,0,0,0,0,0,0,0,10/17/2020
2350,0,0,0,0,0,0,0,10/3/2020
2351,0,0,0,0,0,0,0,5/31/2020
2352,0,0,0,0,0,0,0,10/11/2019
2353,0,1,0,0,0,0,0,3/11/2019
2354,0,0,0,0,0,0,0,8/8/2019
2355,0,0,0,0,0,0,0,5/9/2019
2356,0,0,0,0,0,0,0,6/5/2020
2357,1,0,0,0,0,0,1,1/25/2020
2358,0,1,0,0,0,0,0,11/30/2019
2359,0,0,0,0,0,0,0,10/9/2020
2360,0,0,0,0,0,0,0,12/8/2019
2361,0,0,0,0,0,0,0,3/13/2019
2362,1,0,1,0,0,0,0,6/21/2020
2363,0,0,0,0,0,0,0,1/25/2020
2364,0,0,0,0,0,0,0,5/23/2019
2365,0,0,0,0,0,0,0,10/6/2020
2366,0,0,0,0,0,0,0,3/17/2020
2367,0,0,0,0,0,0,0,3/9/2020
2368,0,0,0,0,0,0,0,8/6/2020
2369,0,0,0,0,0,0,0,4/16/2019
2370,0,0,0,0,0,0,0,10/19/2020
2371,0,0,0,0,0,0,0,1/4/2020
2372,0,0,0,0,0,0,0,10/26/2020
2373,0,0,0,0,0,0,0,7/14/2020
2374,0,0,0,0,0,0,0,9/26/2019
2375,0,0,0,0,0,0,0,5/17/2019
2376,0,0,0,0,0,0,0,1/30/2019
2377,0,0,0,0,0,0,0,9/2/2020
2378,0,0,0,0,0,0,0,9/25/2020
2379,0,0,0,0,0,0,1,1/18/2019
2380,0,0,0,0,0,0,0,3/19/2019
2381,0,0,0,0,0,0,0,1/12/2019
2382,0,0,0,0,0,0,0,9/16/2019
2383,0,0,0,0,0,0,0,5/23/2020
2384,0,0,0,0,0,0,0,2/13/2019
2385,0,0,0,0,0,0,1,2/11/2019
2386,0,0,0,0,0,0,0,3/5/2019
2387,0,1,1,1,0,0,1,10/25/2019
2388,0,0,0,0,0,0,0,7/25/2020
2389,0,0,0,1,0,0,1,6/28/2020
2390,0,0,0,0,0,0,0,7/21/2019
2391,0,0,0,0,0,0,0,11/15/2019
2392,0,0,0,0,0,0,0,6/23/2019
2393,0,0,0,0,0,0,0,7/30/2020
2394,0,0,0,0,0,0,0,8/20/2020
2395,0,0,0,0,0,0,0,7/4/2020
2396,0,0,0,0,0,0,0,9/15/2020
2397,0,0,0,0,0,0,0,3/19/2020
2398,0,1,0,0,0,0,0,4/18/2019
2399,0,0,0,0,0,0,0,7/23/2020
2400,0,0,0,0,0,0,0,6/4/2019
2401,0,0,0,0,0,0,0,10/9/2019
2402,0,0,0,0,0,0,0,9/18/2019
2403,0,0,0,0,0,0,0,2/21/2020
2404,0,0,0,0,0,0,0,9/3/2020
2405,0,0,0,0,0,0,0,8/9/2019
2406,0,0,0,0,0,0,0,9/10/2019
2407,0,0,0,0,0,0,0,7/20/2020
2408,0,0,1,1,0,0,0,5/25/2020
2409,0,0,0,0,0,0,0,5/29/2020
2410,0,0,0,0,0,0,0,4/5/2020
2411,1,0,0,0,0,0,0,10/9/2019
2412,0,0,0,0,0,0,0,1/30/2019
2413,0,0,0,0,0,0,0,7/2/2019
2414,0,0,0,0,0,0,0,9/27/2020
2415,0,0,0,0,0,0,0,7/22/2019
2416,0,0,0,0,0,0,0,12/23/2019
2417,0,0,0,0,0,0,0,2/26/2020
2418,0,0,0,0,0,0,1,2/8/2019
2419,0,0,0,1,0,0,1,3/31/2019
2420,0,1,0,1,0,0,0,3/3/2020
2421,0,0,0,0,0,0,0,3/21/2020
2422,0,0,0,0,0,0,0,5/23/2019
2423,1,0,0,0,0,0,0,5/8/2019
2424,0,0,0,0,0,0,0,3/31/2020
2425,0,0,0,0,0,0,0,8/27/2020
2426,0,0,0,0,0,0,0,7/25/2019
2427,0,0,0,0,0,0,0,11/13/2020
2428,0,0,0,0,0,0,1,4/19/2020
2429,0,0,0,0,0,0,0,3/6/2020
2430,0,0,0,0,0,0,0,2/2/2019
2431,0,0,0,0,0,0,0,11/29/2020
2432,0,0,0,0,0,0,1,3/20/2019
2433,0,0,0,0,0,0,0,6/19/2019
2434,0,1,1,1,0,0,1,7/19/2020
2435,0,0,0,0,0,0,1,2/19/2019
2436,0,1,0,0,0,0,0,7/2/2020
2437,0,0,0,0,0,1,0,1/24/2020
2438,1,0,0,0,1,0,0,9/17/2020
2439,0,0,0,0,0,0,0,11/22/2020
2440,0,0,0,0,0,0,0,12/13/2019
2441,0,0,0,0,0,0,0,11/25/2019
2442,0,0,0,0,0,0,0,7/21/2019
2443,0,0,1,0,0,0,0,10/17/2019
2444,0,0,0,0,0,0,0,7/15/2020
2445,0,0,0,0,0,0,0,6/23/2019
2446,0,0,0,0,0,0,0,5/27/2020
2447,0,0,0,0,0,0,0,10/7/2019
2448,0,0,0,0,0,0,0,10/2/2019
2449,0,1,1,0,0,0,1,2/6/2019
2450,0,0,0,0,0,0,0,4/23/2019
2451,0,0,0,0,0,0,0,7/20/2019
2452,0,0,0,0,0,0,0,4/30/2019
2453,0,0,0,0,0,0,0,4/8/2020
2454,0,0,0,0,0,0,0,4/3/2020
2455,1,0,0,0,0,0,0,6/30/2020
2456,0,0,0,0,0,0,0,9/6/2019
2457,0,0,0,0,0,0,0,2/5/2019
2458,0,0,0,0,0,0,0,3/22/2020
2459,0,0,0,0,0,0,0,1/27/2020
2460,0,0,0,0,0,0,0,1/7/2019
2461,0,0,0,0,0,0,0,8/8/2019
2462,0,0,0,0,0,0,0,11/26/2020
2463,0,0,0,1,0,0,0,11/14/2020
2464,0,0,1,0,0,0,0,6/18/2019
2465,0,0,0,0,0,0,0,4/16/2020
2466,0,0,0,0,0,0,1,11/29/2019
2467,0,0,0,0,0,0,0,6/28/2019
2468,1,0,1,1,0,0,1,1/1/2020
2469,0,0,0,0,0,0,0,3/7/2020
2470,0,0,0,0,0,0,0,5/17/2020
2471,0,0,0,0,0,0,0,7/2/2020
2472,0,0,0,0,0,0,0,5/7/2020
2473,1,0,0,0,0,0,1,1/21/2019
2474,0,0,0,0,0,0,0,4/20/2019
2475,0,0,0,0,0,0,0,6/20/2019
2476,0,0,0,0,0,0,0,7/19/2019
2477,0,0,0,0,0,0,0,7/20/2020
2478,0,0,0,0,0,0,1,1/22/2019
2479,0,0,0,0,0,0,0,4/12/2019
2480,1,0,0,0,0,0,1,1/25/2019
2481,0,0,1,0,0,0,0,8/24/2020
2482,0,0,0,0,0,0,0,12/14/2019
2483,1,0,0,0,0,0,0,4/14/2019
2484,0,0,0,0,0,0,0,3/31/2020
2485,0,0,0,0,0,0,0,11/13/2019
2486,0,0,0,0,0,0,0,7/9/2020
2487,0,0,0,0,0,0,0,1/23/2019
2488,0,0,0,0,0,0,0,5/2/2019
2489,0,0,0,0,0,0,0,10/1/2020
2490,0,0,0,0,0,0,1,10/5/2019
2491,0,0,0,0,0,0,0,8/15/2020
2492,0,0,0,0,0,0,0,5/5/2019
2493,0,0,0,0,0,0,0,2/14/2020
2494,0,0,0,0,0,0,0,2/25/2020
2495,0,0,0,0,0,0,1,4/18/2019
2496,0,0,0,0,0,0,1,11/8/2019
2497,0,0,0,0,0,0,0,10/31/2019
2498,0,0,0,0,0,0,0,7/14/2020
2499,0,0,0,0,0,0,0,10/10/2020
2500,0,0,0,0,0,0,0,9/18/2019
2501,0,0,0,0,0,0,0,4/27/2019
2502,0,0,0,0,0,0,0,9/9/2020
2503,0,0,0,0,0,0,0,5/18/2019
2504,0,0,1,1,0,0,1,7/31/2020
2505,0,0,0,0,0,0,0,8/29/2019
2506,1,0,0,0,0,0,0,5/18/2019
2507,0,1,0,0,0,0,0,10/20/2019
2508,0,0,0,0,0,0,0,11/18/2020
2509,0,0,0,0,0,0,1,1/23/2019
2510,0,0,0,0,0,0,0,2/9/2019
2511,0,0,0,0,0,0,0,3/12/2019
2512,0,0,0,0,0,0,0,5/26/2020
2513,0,0,0,0,0,0,1,5/13/2020
2514,0,1,0,0,0,0,0,3/23/2019
2515,0,0,0,0,0,0,0,6/19/2019
2516,0,0,0,0,0,0,0,9/1/2020
2517,0,0,0,0,0,0,0,8/13/2019
2518,0,0,0,0,0,0,0,5/6/2019
2519,0,0,0,0,0,0,0,10/31/2019
2520,0,0,0,0,0,0,0,2/5/2019
2521,0,0,0,0,0,0,0,6/20/2019
2522,0,0,0,0,0,0,0,2/7/2020
2523,0,0,0,0,0,0,1,4/16/2019
2524,0,0,0,0,0,0,0,6/27/2019
2525,0,0,0,0,0,0,0,9/3/2019
2526,0,0,0,0,0,0,0,3/18/2020
2527,0,0,0,0,0,0,0,8/12/2020
2528,0,0,0,0,0,0,0,2/7/2019
2529,0,0,0,1,0,0,0,10/27/2020
2530,0,0,0,0,0,0,0,1/17/2019
2531,0,0,0,0,0,0,0,2/20/2020
2532,1,0,0,0,0,0,1,4/4/2019
2533,0,0,0,0,0,0,0,11/19/2019
2534,0,0,0,0,0,0,0,6/30/2019
2535,0,0,0,0,0,0,0,12/26/2019
2536,0,0,0,0,0,0,0,7/22/2019
2537,0,0,0,0,0,0,0,4/10/2020
2538,0,0,0,0,0,0,0,4/8/2019
2539,0,0,0,0,0,0,0,11/22/2020
2540,0,0,0,0,0,0,0,11/20/2020
2541,0,0,0,0,0,0,0,6/26/2019
2542,0,1,0,0,0,0,0,5/9/2019
2543,0,0,0,0,0,0,0,9/19/2020
2544,0,0,0,0,0,0,1,3/4/2019
2545,0,0,0,0,0,0,0,9/1/2019
2546,0,0,1,1,0,0,1,5/1/2019
2547,0,0,0,0,0,1,0,4/10/2019
2548,0,0,1,0,0,0,1,7/20/2020
2549,0,0,0,0,0,0,0,4/3/2020
2550,0,0,0,0,0,0,1,1/22/2019
2551,0,0,0,0,0,0,0,9/3/2019
2552,0,0,0,0,0,0,1,8/27/2020
2553,0,1,1,0,0,0,0,10/2/2020
2554,0,0,0,0,0,0,0,11/26/2019
2555,0,0,0,0,0,0,0,6/30/2019
2556,0,0,0,0,0,0,0,6/29/2020
2557,0,0,0,0,0,0,0,5/17/2020
2558,0,0,0,0,0,0,0,5/8/2020
2559,0,0,0,0,0,0,0,9/27/2020
2560,0,0,0,0,0,0,1,8/1/2020
2561,1,0,0,0,0,0,1,10/23/2020
2562,0,0,0,0,0,0,1,1/24/2019
2563,0,0,0,0,0,0,0,12/1/2020
2564,0,0,0,0,0,0,0,9/15/2019
2565,0,0,0,1,0,0,0,5/30/2020
2566,0,0,0,0,0,0,0,5/13/2019
2567,0,0,0,0,0,0,0,7/22/2019
2568,1,0,0,0,0,0,0,2/5/2019
2569,0,0,0,0,0,0,0,1/31/2020
2570,0,0,0,0,0,0,0,9/9/2020
2571,0,0,0,0,0,0,1,3/25/2019
2572,0,0,0,0,0,0,0,7/22/2020
2573,1,0,0,0,0,0,0,3/21/2020
2574,0,0,0,0,0,0,0,3/5/2019
2575,0,0,0,0,0,0,0,9/29/2020
2576,0,0,0,0,0,0,0,12/2/2019
2577,0,0,0,1,0,0,0,3/3/2019
2578,0,1,0,0,0,0,0,11/6/2019
2579,0,0,0,0,0,0,0,2/4/2020
2580,0,0,0,0,0,0,0,8/6/2020
2581,0,0,0,0,0,0,0,1/1/2020
2582,0,0,0,0,0,0,0,6/23/2019
2583,1,0,0,0,0,0,0,9/4/2019
2584,0,0,0,0,0,0,0,8/13/2020
2585,0,0,0,0,0,0,0,9/15/2020
2586,0,0,0,0,0,0,0,1/15/2019
2587,0,0,0,0,0,0,0,5/11/2019
2588,1,0,0,0,0,0,1,1/22/2020
2589,0,0,0,0,0,0,0,1/14/2020
2590,0,0,0,0,0,0,1,6/4/2020
2591,0,0,0,0,0,0,0,3/11/2020
2592,0,0,0,0,0,0,0,4/2/2020
2593,0,0,0,0,0,0,0,10/22/2020
2594,0,0,0,0,0,0,0,7/3/2020
2595,0,0,0,0,0,0,0,4/15/2019
2596,0,1,0,0,0,0,0,1/25/2020
2597,0,0,0,0,0,0,0,6/19/2019
2598,0,0,0,0,0,0,0,3/2/2019
2599,0,0,0,0,0,0,0,6/23/2019
2600,0,0,0,0,0,0,0,6/30/2019
2601,0,0,0,0,0,0,0,8/7/2020
2602,0,0,0,0,0,0,0,2/13/2019
2603,0,0,0,0,0,0,0,8/22/2019
2604,0,0,0,0,0,0,1,7/29/2020
2605,0,0,0,0,0,0,0,3/31/2020
2606,0,0,0,0,0,0,0,2/5/2020
2607,0,0,0,0,0,0,0,3/27/2020
2608,0,0,0,0,0,0,0,8/28/2020
2609,0,0,0,0,0,0,0,11/24/2019
2610,0,0,0,0,0,0,0,3/14/2020
2611,0,0,0,0,0,0,0,9/17/2019
2612,0,0,0,0,0,0,0,11/22/2019
2613,0,0,0,0,0,0,0,3/8/2020
2614,0,0,0,0,0,0,0,11/23/2020
2615,0,0,0,0,0,0,0,12/2/2019
2616,0,0,0,0,0,0,0,8/27/2020
2617,1,0,1,0,1,0,1,2/28/2020
2618,0,0,0,0,0,0,0,4/3/2019
2619,0,0,0,0,0,0,0,5/16/2020
2620,0,0,0,0,0,0,0,10/6/2020
2621,0,0,0,0,0,0,0,10/15/2019
2622,0,0,0,0,0,0,0,5/18/2020
2623,0,1,0,0,0,0,0,11/20/2020
2624,0,0,0,0,0,0,1,10/23/2019
2625,0,0,0,0,0,0,0,10/11/2020
2626,0,0,0,0,0,0,0,8/2/2020
2627,0,0,0,0,0,0,1,1/25/2019
2628,0,0,0,0,0,0,1,2/12/2019
2629,0,0,0,0,0,0,0,12/27/2019
2630,0,0,0,0,0,0,0,8/12/2020
2631,0,0,0,0,0,0,0,11/2/2019
2632,0,0,0,0,0,0,0,7/9/2020
2633,0,0,0,0,0,0,0,12/29/2019
2634,0,0,1,1,0,0,1,11/27/2020
2635,0,0,0,0,0,0,0,10/7/2019
2636,0,0,0,0,0,0,0,10/20/2019
2637,0,0,0,0,0,0,0,11/2/2020
2638,0,0,0,0,0,0,0,6/16/2020
2639,0,0,0,0,0,0,0,2/16/2020
2640,0,0,0,0,0,0,0,11/24/2019
2641,0,0,0,0,0,0,0,1/25/2020
2642,0,0,0,0,0,0,0,6/4/2020
2643,0,0,0,0,0,0,0,4/25/2020
2644,1,0,0,0,0,0,1,7/30/2019
2645,0,1,0,1,0,0,1,1/4/2020
2646,0,0,0,0,0,0,0,2/10/2020
2647,0,0,1,0,0,0,1,6/18/2019
2648,0,0,0,1,0,0,0,11/8/2019
2649,0,0,0,0,0,0,0,4/29/2019
2650,0,0,0,0,0,0,0,5/5/2019
2651,0,0,0,0,0,0,0,8/30/2019
2652,0,0,0,0,0,0,0,12/2/2019
2653,0,0,0,0,0,0,0,7/20/2019
2654,0,0,0,0,0,0,0,6/29/2020
2655,0,0,0,1,0,0,0,3/14/2020
2656,0,0,0,0,0,0,0,6/23/2020
2657,0,0,0,0,0,0,0,4/10/2019
2658,0,0,0,0,0,0,0,11/8/2020
2659,0,0,0,0,0,0,0,3/31/2020
2660,0,0,0,0,0,0,0,8/29/2020
2661,0,0,0,0,0,0,1,1/13/2019
2662,0,1,0,0,1,0,1,12/28/2019
2663,0,0,0,0,0,0,0,6/11/2019
2664,0,0,0,0,0,0,0,12/24/2019
2665,0,0,0,0,0,0,0,12/24/2019
2666,0,0,0,0,0,0,0,12/11/2019
2667,0,0,0,0,0,0,0,7/27/2019
2668,0,0,0,0,0,0,0,2/1/2019
2669,0,0,0,0,0,0,0,6/7/2019
2670,0,0,0,0,0,0,0,10/28/2019
2671,0,0,0,0,0,0,0,2/24/2019
2672,0,0,1,0,0,0,0,8/4/2019
2673,0,0,0,0,0,0,0,2/27/2019
2674,0,0,0,0,0,0,0,8/9/2020
2675,0,0,0,0,0,0,0,2/5/2019
2676,0,0,0,0,0,0,0,9/3/2020
2677,0,0,0,0,0,0,0,4/26/2020
2678,0,0,0,0,0,0,0,8/25/2020
2679,0,0,0,0,0,0,1,3/9/2019
2680,0,0,0,0,0,0,0,2/28/2020
2681,0,0,1,0,0,0,0,2/25/2019
2682,0,0,0,0,0,0,0,1/21/2019
2683,0,0,0,0,0,0,0,6/8/2020
2684,0,0,0,0,0,0,0,8/5/2020
2685,1,0,1,1,1,0,1,11/21/2020
2686,1,0,1,1,0,0,1,2/2/2020
2687,0,0,0,0,0,0,0,9/14/2019
2688,0,0,1,0,0,0,0,4/17/2019
2689,0,0,0,0,0,0,0,11/2/2020
2690,0,0,0,0,0,0,0,4/20/2019
2691,0,0,0,0,0,0,0,10/25/2019
2692,0,0,0,0,0,0,0,10/12/2020
2693,0,0,0,0,0,0,0,2/10/2020
2694,1,0,0,0,0,0,1,5/2/2019
2695,0,0,0,0,0,1,0,6/20/2019
2696,0,1,1,1,0,0,1,10/6/2019
2697,0,1,1,1,0,0,1,5/20/2020
2698,0,0,1,0,0,0,0,9/6/2020
2699,0,0,0,0,0,0,1,7/4/2020
2700,0,0,0,0,0,0,1,9/22/2020
2701,0,0,0,0,0,0,1,4/5/2019
2702,0,0,0,0,0,0,0,6/14/2019
2703,0,0,0,0,0,0,0,8/13/2019
2704,0,0,0,0,0,0,0,7/25/2019
2705,0,0,0,0,0,0,0,8/27/2020
2706,0,0,0,0,0,0,0,6/4/2019
2707,1,0,0,0,0,0,0,10/2/2019
2708,0,0,1,0,0,0,0,8/16/2020
2709,0,0,0,0,0,0,0,10/11/2019
2710,0,0,0,0,0,0,0,7/26/2019
2711,0,0,0,0,0,0,0,9/28/2020
2712,0,0,1,0,0,0,0,5/2/2020
2713,0,0,0,1,0,0,0,10/28/2020
2714,0,0,0,0,0,0,0,5/17/2020
2715,0,1,0,0,0,0,0,9/28/2020
2716,0,0,0,0,0,0,0,9/23/2019
2717,0,0,0,0,0,0,1,11/1/2020
2718,0,0,0,0,0,0,1,6/23/2019
2719,0,0,0,0,0,0,0,6/27/2019
2720,0,0,0,0,0,0,0,4/2/2019
2721,0,0,0,0,0,0,0,4/27/2019
2722,0,0,0,0,0,0,0,3/4/2020
2723,0,0,0,0,0,0,0,11/3/2019
2724,0,1,1,1,0,0,0,8/8/2019
2725,0,1,0,0,0,0,1,3/23/2019
2726,0,0,0,0,0,0,0,2/17/2019
2727,0,0,0,0,0,0,0,8/3/2020
2728,0,1,0,0,0,0,1,7/20/2019
2729,0,0,0,0,0,0,0,6/1/2019
2730,0,0,0,0,0,0,0,8/22/2019
2731,0,0,0,0,0,0,0,4/12/2020
2732,0,0,0,0,0,0,1,1/9/2020
2733,0,0,0,0,0,0,0,10/14/2020
2734,0,0,0,0,0,0,0,10/31/2019
2735,0,0,0,0,0,0,0,2/15/2020
2736,0,0,0,0,0,0,0,8/15/2019
2737,0,0,0,0,0,0,0,3/29/2020
2738,0,0,0,0,0,0,0,1/25/2020
2739,0,0,0,0,0,0,0,2/12/2020
2740,0,0,0,0,0,0,0,8/31/2019
2741,0,0,0,0,0,0,0,11/20/2020
2742,0,0,0,0,0,0,0,10/13/2019
2743,0,0,0,0,0,0,0,11/19/2020
2744,1,0,0,0,0,0,0,3/26/2020
2745,0,0,0,0,0,0,1,2/23/2019
2746,0,0,0,0,0,0,0,9/23/2019
2747,0,0,0,0,0,0,0,3/12/2019
2748,0,0,0,0,0,0,0,11/13/2019
2749,0,0,0,0,0,0,0,8/22/2020
2750,0,0,0,0,0,0,1,4/5/2019
2751,0,0,0,0,0,0,0,2/3/2019
2752,0,0,0,0,0,0,0,3/20/2019
2753,0,0,0,0,0,0,0,1/11/2020
2754,0,0,0,0,0,0,0,1/6/2020
2755,0,0,0,0,0,0,0,5/24/2019
2756,0,0,0,0,0,0,0,7/24/2020
2757,0,0,0,0,0,0,0,3/21/2019
2758,0,0,0,0,0,0,0,5/4/2020
2759,0,0,0,0,0,0,1,6/8/2019
2760,0,0,0,0,0,0,0,4/10/2019
2761,0,0,0,0,0,0,0,2/26/2019
2762,0,0,0,0,0,0,0,5/15/2020
2763,0,0,0,0,0,0,0,2/2/2019
2764,0,0,0,0,0,0,0,4/8/2020
2765,0,0,0,0,0,0,0,1/10/2020
2766,0,0,0,0,0,0,0,9/16/2020
2767,0,0,1,0,0,0,0,1/20/2020
2768,0,0,0,0,0,0,0,7/14/2020
2769,1,0,0,0,0,0,0,12/18/2019
2770,0,0,0,0,0,0,0,11/19/2019
2771,0,0,0,0,0,0,0,3/9/2020
2772,0,0,0,0,0,0,0,9/20/2020
2773,0,0,0,1,0,0,0,11/10/2020
2774,0,0,0,0,0,0,0,10/6/2020
2775,0,0,0,0,0,0,0,12/1/2020
2776,0,0,1,0,0,0,0,3/21/2019
2777,0,0,0,0,0,0,0,10/3/2019
2778,0,0,0,0,0,0,1,8/25/2019
2779,1,0,0,0,0,0,0,6/16/2020
2780,0,0,0,0,0,0,0,11/13/2019
2781,0,0,0,0,0,0,0,5/13/2020
2782,0,0,0,0,0,0,0,11/9/2019
2783,0,0,0,0,0,0,1,10/2/2020
2784,1,0,0,0,0,0,0,4/12/2019
2785,0,0,0,0,0,0,0,3/11/2019
2786,0,0,0,0,0,0,0,4/23/2019
2787,0,0,0,1,0,0,0,12/2/2020
2788,0,0,0,1,0,0,0,6/27/2019
2789,0,0,0,0,0,0,0,7/22/2019
2790,0,0,0,0,0,0,0,12/26/2019
2791,0,1,0,0,0,0,0,3/4/2020
2792,0,0,0,0,0,0,1,12/24/2019
2793,0,0,0,0,0,0,0,2/5/2020
2794,0,0,0,0,0,0,0,11/19/2020
2795,0,0,0,1,0,0,0,9/11/2020
2796,0,0,0,0,0,0,0,3/17/2020
2797,0,0,0,0,0,0,0,3/10/2020
2798,0,0,0,0,0,0,0,1/14/2020
2799,0,0,0,0,0,0,0,2/9/2019
2800,0,0,0,0,0,0,0,2/20/2020
2801,0,0,0,0,0,0,0,1/30/2020
2802,0,0,0,0,0,0,1,7/23/2019
2803,0,0,0,0,0,0,0,10/28/2019
2804,0,0,0,0,0,0,1,10/27/2019
2805,0,0,0,0,0,0,0,3/14/2020
2806,0,0,0,0,0,0,0,8/20/2019
2807,0,0,0,0,0,0,0,7/25/2019
2808,0,0,0,0,0,0,0,8/24/2020
2809,0,0,0,0,0,0,1,2/16/2020
2810,0,0,0,0,0,0,0,5/17/2019
2811,0,0,0,0,0,0,0,2/14/2020
2812,0,1,0,0,0,0,0,8/27/2019
2813,0,0,0,0,0,0,0,1/8/2019
2814,0,0,0,0,0,0,1,2/27/2019
2815,0,0,0,0,0,0,0,7/19/2019
2816,0,1,1,1,0,0,1,11/8/2019
2817,0,0,0,0,0,0,0,9/27/2020
2818,0,0,0,0,0,0,0,2/5/2020
2819,0,0,0,0,0,0,0,5/13/2020
2820,1,0,1,1,0,0,1,2/17/2019
2821,0,0,0,0,0,0,0,11/27/2020
2822,0,0,0,0,0,0,0,12/13/2019
2823,0,0,0,0,0,0,0,6/17/2020
2824,0,0,0,0,0,0,0,7/9/2020
2825,1,0,1,0,0,1,1,2/23/2019
2826,0,0,0,0,0,0,0,10/24/2019
2827,0,0,0,0,0,0,0,4/5/2019
2828,0,0,0,0,0,0,1,6/18/2019
2829,0,0,0,0,0,0,1,2/15/2020
2830,0,1,0,1,0,0,0,1/17/2020
2831,0,0,0,0,0,0,0,4/24/2019
2832,0,0,0,0,0,0,0,12/9/2019
2833,0,0,0,0,0,0,0,7/3/2019
2834,0,0,0,0,0,0,0,2/23/2019
2835,0,0,0,0,0,0,0,4/14/2019
2836,0,0,0,0,0,0,0,5/21/2020
2837,0,0,0,0,0,0,0,1/12/2020
2838,0,0,0,0,0,0,0,3/20/2020
2839,0,0,1,0,0,0,1,4/16/2019
2840,0,1,0,0,0,0,1,3/14/2019
2841,0,0,0,0,0,0,0,2/11/2020
2842,0,0,0,0,0,0,0,10/15/2020
2843,0,0,0,0,0,0,0,3/8/2019
2844,0,1,1,1,0,0,1,8/14/2020
2845,0,0,0,0,0,0,0,8/5/2020
2846,0,0,0,0,0,0,0,11/17/2019
2847,0,0,0,0,0,0,0,9/20/2020
2848,0,0,0,0,0,0,0,6/9/2019
2849,0,0,0,0,0,0,0,9/23/2020
2850,0,0,0,0,0,0,0,7/14/2020
2851,0,0,0,0,0,0,1,1/21/2019
2852,0,0,0,1,0,0,0,6/27/2020
2853,0,0,0,0,0,0,0,7/27/2019
2854,0,0,0,0,0,0,0,12/20/2019
2855,0,0,0,0,0,0,1,3/22/2019
2856,1,0,0,0,0,0,1,10/4/2020
2857,0,0,0,0,0,0,0,9/22/2020
2858,0,1,0,0,0,0,0,10/24/2019
2859,0,0,0,0,0,0,0,10/23/2020
2860,0,0,0,0,0,0,0,4/10/2019
2861,0,0,0,0,0,0,0,6/25/2020
2862,1,0,0,0,0,0,1,4/13/2020
2863,0,0,0,0,0,0,0,2/14/2020
2864,1,0,0,0,0,0,0,8/3/2019
2865,0,0,0,0,0,0,0,2/5/2019
2866,1,0,1,1,0,0,0,10/6/2020
2867,0,0,0,0,0,0,0,7/4/2019
2868,0,1,0,1,0,0,0,11/7/2020
2869,0,0,0,0,0,0,0,10/30/2020
2870,0,0,0,0,0,0,0,3/26/2020
2871,1,0,0,0,0,0,0,2/14/2019
2872,0,0,1,0,0,0,0,9/4/2020
2873,0,0,0,0,0,0,0,11/1/2020
2874,0,0,0,0,0,0,0,11/18/2019
2875,0,0,0,0,0,0,0,7/31/2019
2876,0,0,0,0,0,0,0,9/17/2020
2877,0,0,0,0,0,0,0,8/22/2020
2878,0,0,0,0,0,0,0,3/30/2020
2879,0,1,0,0,0,0,0,7/1/2020
2880,0,0,0,0,0,0,0,10/16/2019
2881,0,0,0,0,0,0,0,2/11/2020
2882,0,0,0,0,0,0,0,7/12/2020
2883,0,0,0,0,0,0,0,8/24/2019
2884,1,0,0,0,0,0,0,3/2/2020
2885,0,0,0,0,0,0,0,9/24/2020
2886,0,1,0,0,0,0,0,4/17/2019
2887,0,0,0,0,0,0,0,3/21/2019
2888,0,1,0,1,0,0,1,1/27/2019
2889,0,0,0,0,0,0,0,7/2/2019
2890,0,1,0,0,1,0,1,1/29/2019
2891,0,0,0,0,0,0,0,7/24/2019
2892,0,0,0,0,0,0,0,11/5/2019
2893,0,0,0,0,0,0,0,7/28/2019
2894,0,0,0,0,0,0,0,6/2/2019
2895,0,0,0,0,0,0,0,11/26/2020
2896,0,0,0,0,0,0,0,6/25/2020
2897,0,1,1,1,1,0,1,3/27/2019
2898,0,0,1,0,0,0,0,3/7/2020
2899,0,0,0,0,0,1,0,6/15/2019
2900,0,0,0,0,0,0,0,2/10/2020
2901,0,1,0,0,1,0,0,4/30/2019
2902,0,0,0,0,0,0,0,11/28/2019
2903,0,0,0,0,0,0,1,4/20/2019
2904,0,0,0,0,0,0,0,11/22/2019
2905,0,0,0,0,0,0,0,4/26/2020
2906,0,0,0,0,0,0,0,3/4/2020
2907,0,0,0,0,0,0,0,6/13/2020
2908,0,0,0,0,0,0,0,9/5/2020
2909,0,0,0,0,0,0,0,9/13/2019
2910,0,0,0,0,0,0,0,2/11/2019
2911,0,0,0,0,0,0,1,8/15/2019
2912,0,0,0,0,0,0,1,4/26/2019
2913,0,0,0,0,0,0,0,8/27/2020
2914,0,0,0,0,0,0,0,2/5/2020
2915,1,0,1,1,0,0,1,7/13/2020
2916,0,0,0,0,0,0,0,6/21/2019
2917,0,0,0,0,0,0,0,1/12/2019
2918,0,0,0,0,0,0,0,9/29/2020
2919,0,0,0,0,0,0,0,2/19/2019
2920,0,0,0,0,0,0,0,7/14/2019
2921,0,0,0,0,0,0,1,4/9/2019
2922,0,0,0,0,0,0,0,11/24/2020
2923,0,0,0,0,0,0,0,9/5/2019
2924,0,0,0,0,0,0,0,7/20/2019
2925,0,0,0,0,0,0,0,12/13/2019
2926,0,0,0,0,0,0,0,2/23/2020
2927,0,0,0,0,0,0,0,10/16/2020
2928,0,0,0,0,0,0,1,1/18/2019
2929,0,0,0,0,0,0,0,4/29/2020
2930,0,0,0,0,0,0,0,10/7/2020
2931,0,0,0,0,0,0,0,6/23/2020
2932,1,0,0,0,0,0,0,3/29/2019
2933,0,0,1,0,0,0,1,9/28/2019
2934,0,0,0,0,0,0,0,10/11/2020
2935,0,0,0,0,0,0,0,12/8/2019
2936,0,1,1,0,1,0,1,12/14/2019
2937,0,0,0,0,0,0,0,11/21/2020
2938,0,0,0,0,0,0,1,10/11/2019
2939,0,0,0,0,0,0,0,6/11/2020
2940,0,0,0,0,0,0,0,1/29/2020
2941,0,0,0,0,0,0,0,3/28/2020
2942,0,0,0,0,0,0,0,8/4/2020
2943,0,0,0,1,0,0,1,8/4/2019
2944,0,1,1,0,0,0,0,6/29/2020
2945,1,0,0,0,0,0,0,7/22/2019
2946,1,0,0,0,0,0,0,8/29/2020
2947,0,0,0,0,0,0,1,6/8/2019
2948,0,0,0,0,0,0,0,9/12/2019
2949,0,0,0,0,0,0,0,4/13/2020
2950,0,0,0,0,0,0,0,3/11/2020
2951,0,0,0,0,0,0,0,1/7/2019
2952,0,0,0,0,0,0,0,2/25/2020
2953,0,0,0,0,0,0,1,9/14/2020
2954,1,0,0,0,0,0,1,5/12/2019
2955,0,0,0,0,0,0,0,8/4/2019
2956,0,0,0,0,0,0,1,2/23/2019
2957,0,0,1,1,0,0,0,7/19/2020
2958,0,0,0,0,0,0,0,11/15/2019
2959,0,0,0,0,0,0,0,7/20/2019
2960,0,0,0,0,0,0,0,5/31/2019
2961,0,0,0,0,0,0,0,7/14/2019
2962,0,0,0,0,0,0,0,11/27/2019
2963,0,0,0,0,0,0,0,3/27/2020
2964,0,0,0,0,0,0,0,9/17/2020
2965,0,0,0,1,0,0,1,5/22/2020
2966,0,0,0,0,0,0,0,9/2/2019
2967,0,0,1,0,0,0,1,3/23/2020
2968,0,1,1,0,0,0,0,9/7/2020
2969,0,0,0,0,0,0,0,9/22/2019
2970,1,0,1,1,0,0,1,10/27/2020
2971,0,0,0,1,0,0,1,2/3/2019
2972,0,0,0,0,0,0,0,6/1/2019
2973,1,0,0,0,0,0,0,6/23/2019
2974,0,0,0,0,0,0,0,6/8/2020
2975,0,0,0,0,0,0,0,8/13/2019
2976,0,0,0,0,0,0,0,5/30/2020
2977,0,0,0,0,0,0,1,2/11/2019
2978,0,0,0,0,0,0,0,11/16/2020
2979,0,0,0,0,0,0,0,2/23/2020
2980,0,0,0,0,0,0,0,4/13/2020
2981,0,0,0,0,0,0,0,5/3/2019
2982,1,0,0,0,0,0,0,7/21/2019
2983,0,0,0,0,0,0,0,2/22/2020
2984,0,0,0,0,0,0,0,8/6/2020
2985,0,0,0,0,0,0,0,10/25/2019
2986,0,0,0,0,0,0,0,7/22/2019
2987,0,1,1,1,0,0,1,1/11/2020
2988,0,0,0,0,0,0,0,7/4/2019
2989,0,0,0,0,0,0,1,1/12/2019
2990,0,0,0,0,0,0,0,9/3/2019
2991,0,0,0,0,0,0,1,8/6/2019
2992,0,0,0,0,0,0,0,9/20/2019
2993,0,0,0,0,0,1,0,9/3/2020
2994,0,0,0,0,0,0,0,3/2/2019
2995,0,0,0,0,0,0,0,7/19/2020
2996,0,0,0,0,0,0,0,9/10/2019
2997,0,0,0,0,0,0,0,6/27/2020
2998,0,0,0,0,0,0,0,7/12/2020
2999,0,0,0,0,0,0,0,7/24/2019
3000,0,0,0,0,0,0,0,7/30/2020
3001,0,0,0,0,0,0,0,8/17/2019
3002,0,0,0,0,0,0,0,3/23/2020
3003,1,0,0,0,0,0,1,2/12/2019
3004,0,0,0,0,0,0,0,1/6/2019
3005,1,0,0,0,0,0,1,8/15/2019
3006,0,0,0,0,0,0,0,5/2/2020
3007,0,0,0,0,0,0,0,4/18/2020
3008,0,0,0,0,0,0,0,10/4/2019
3009,1,0,0,0,0,0,0,3/4/2020
3010,0,0,0,0,0,0,0,5/11/2020
3011,0,0,0,0,0,0,0,3/11/2019
3012,0,0,0,0,0,0,0,11/6/2019
3013,0,0,0,0,0,0,0,9/2/2019
3014,1,0,0,0,0,0,0,7/16/2019
3015,0,0,0,0,0,0,0,10/7/2019
3016,0,0,0,0,0,0,0,3/2/2019
3017,0,0,0,0,0,0,0,5/5/2020
3018,0,0,0,0,0,0,0,5/7/2020
3019,0,0,0,0,0,0,0,2/16/2019
3020,0,0,0,0,0,0,0,5/6/2020
3021,0,0,0,0,0,0,0,11/13/2020
3022,0,0,1,1,0,0,0,2/16/2020
3023,0,0,0,0,0,0,1,1/22/2019
3024,0,0,0,0,0,0,0,6/2/2020
3025,0,0,0,0,0,0,0,8/14/2019
3026,0,0,0,1,0,0,0,2/27/2020
3027,0,0,0,0,0,0,0,11/26/2020
3028,0,0,0,0,0,0,0,11/6/2020
3029,0,0,0,0,0,0,0,11/30/2020
3030,0,0,0,0,0,0,0,8/24/2019
3031,0,0,0,0,0,0,0,3/13/2019
3032,0,0,0,0,0,0,0,12/26/2019
3033,0,0,0,0,0,0,0,6/12/2019
3034,0,0,0,0,0,0,0,6/2/2020
3035,0,0,0,0,0,0,0,3/31/2020
3036,0,0,0,0,0,0,0,6/19/2019
3037,0,0,0,0,0,0,0,1/17/2019
3038,0,0,0,0,0,0,0,6/13/2019
3039,0,0,0,0,0,0,0,2/11/2020
3040,0,0,0,0,0,0,0,4/5/2019
3041,0,0,0,0,0,0,0,9/9/2020
3042,0,0,0,0,0,0,0,3/25/2020
3043,0,0,0,0,0,0,0,1/10/2020
3044,0,0,0,0,0,0,0,5/31/2020
3045,0,0,0,0,0,0,0,2/20/2020
3046,0,0,0,0,0,0,1,6/17/2019
3047,0,0,0,0,0,0,0,12/12/2019
3048,0,0,0,0,0,0,1,7/14/2020
3049,0,0,0,0,0,0,0,12/10/2019
3050,0,0,0,0,0,0,0,8/31/2020
3051,0,0,0,0,0,0,0,1/31/2019
3052,0,0,0,0,0,0,0,4/14/2019
3053,0,0,0,0,0,0,0,6/20/2019
3054,0,0,0,0,0,0,0,7/24/2019
3055,0,0,0,0,0,0,0,5/22/2019
3056,0,1,0,0,0,0,0,9/4/2020
3057,0,0,0,0,0,0,0,3/10/2020
3058,0,0,0,0,0,0,0,4/12/2020
3059,0,0,0,0,0,0,1,2/5/2020
3060,0,0,0,0,0,0,0,3/27/2020
3061,0,0,0,0,0,0,0,10/6/2020
3062,0,0,1,1,0,0,1,5/26/2019
3063,1,0,0,0,0,0,1,2/12/2019
3064,0,0,0,0,0,0,0,10/26/2019
3065,0,0,0,0,0,0,0,3/6/2020
3066,0,0,0,0,0,0,0,11/2/2019
3067,1,0,1,0,0,0,1,3/6/2019
3068,0,1,0,0,1,0,0,5/6/2019
3069,0,0,0,0,0,0,0,8/24/2020
3070,0,0,0,0,0,0,0,10/26/2020
3071,0,0,0,0,0,0,1,2/22/2019
3072,0,1,1,0,0,0,0,7/26/2020
3073,0,0,0,0,0,0,0,8/5/2019
3074,0,0,0,0,0,0,0,4/5/2019
3075,0,0,0,0,0,0,0,11/15/2019
3076,1,0,0,0,0,0,1,5/22/2019
3077,0,0,0,0,0,0,0,11/13/2019
3078,0,0,1,0,0,0,1,2/22/2019
3079,0,0,0,0,0,0,0,11/7/2019
3080,1,0,0,0,0,0,0,5/28/2019
3081,0,0,0,0,0,0,0,10/20/2020
3082,0,0,0,0,0,0,0,4/7/2020
3083,0,0,0,0,0,0,0,12/29/2019
3084,0,0,0,0,0,0,0,5/10/2020
3085,0,0,0,0,0,0,0,1/31/2020
3086,0,0,0,0,0,0,0,6/27/2020
3087,0,0,0,0,0,0,0,9/15/2019
3088,0,0,0,0,0,0,0,3/25/2019
3089,0,0,0,0,0,0,0,2/17/2019
3090,0,0,0,0,0,0,0,1/15/2020
3091,0,0,0,0,0,0,0,2/4/2019
3092,0,0,0,0,0,0,0,1/8/2019
3093,0,1,0,0,0,0,0,11/24/2020
3094,0,1,1,0,1,0,0,3/10/2020
3095,0,0,0,0,0,0,0,1/7/2020
3096,0,0,1,0,0,0,1,9/4/2019
3097,0,0,0,0,0,0,1,2/8/2019
3098,0,0,0,0,0,0,0,4/9/2020
3099,0,0,0,0,0,0,0,9/27/2019
3100,0,0,0,1,0,0,1,8/16/2019
3101,0,0,0,0,0,0,0,1/19/2019
3102,0,0,0,0,0,0,0,6/16/2020
3103,0,0,0,0,0,0,0,9/10/2020
3104,1,0,0,0,0,0,0,3/8/2020
3105,0,0,0,0,0,0,0,10/15/2020
3106,0,0,0,0,0,0,0,8/5/2020
3107,0,0,0,0,0,0,1,1/11/2019
3108,0,0,0,0,0,0,0,7/6/2020
3109,0,0,0,0,0,0,0,6/29/2020
3110,0,0,0,0,0,0,0,7/9/2019
3111,0,0,0,0,0,0,0,8/4/2020
3112,0,1,1,0,0,0,0,6/23/2020
3113,0,0,1,0,0,0,1,4/29/2020
3114,0,0,0,0,0,0,0,8/29/2020
3115,0,0,0,0,0,0,0,8/28/2020
3116,0,0,0,0,0,0,0,12/11/2019
3117,0,0,0,0,0,0,0,3/18/2020
3118,0,0,0,0,0,0,0,5/21/2020
3119,0,0,0,1,0,0,0,2/22/2019
3120,0,0,0,0,0,0,0,7/4/2020
3121,1,0,0,0,0,0,0,3/8/2020
3122,0,0,0,0,0,0,0,12/2/2019
3123,0,0,0,0,0,0,0,10/16/2020
3124,0,0,0,0,0,0,0,10/3/2020
3125,0,0,0,0,0,0,0,6/28/2020
3126,0,1,0,0,0,0,0,8/16/2020
3127,0,0,0,0,0,0,0,7/1/2020
3128,0,0,0,0,0,0,1,3/18/2019
3129,0,0,0,0,0,0,0,8/8/2020
3130,0,0,0,0,0,0,0,1/6/2020
3131,0,0,0,1,0,0,0,11/8/2019
3132,0,0,0,0,0,0,0,4/3/2020
3133,0,0,0,0,0,0,0,11/29/2019
3134,0,0,0,0,0,0,0,7/22/2019
3135,1,0,1,1,1,0,1,9/1/2019
3136,1,0,1,1,0,0,0,5/29/2020
3137,0,0,0,0,0,0,0,4/29/2020
3138,0,1,0,0,0,0,0,8/9/2020
3139,0,1,1,0,1,0,1,12/3/2019
3140,0,0,0,0,0,0,0,6/23/2020
3141,0,0,0,0,0,0,0,1/3/2020
3142,0,1,0,1,0,0,0,8/14/2020
3143,0,0,1,1,0,0,1,6/18/2019
3144,0,0,0,0,0,0,0,5/29/2019
3145,0,0,0,0,0,0,0,3/25/2019
3146,1,0,0,0,0,0,0,6/14/2019
3147,0,0,0,0,0,0,0,3/30/2020
3148,0,0,0,0,0,0,0,4/10/2020
3149,0,1,0,0,0,0,0,8/12/2019
3150,0,0,0,0,0,0,0,9/27/2020
3151,0,0,0,0,0,0,0,10/25/2019
3152,0,0,0,0,0,0,0,8/22/2020
3153,0,1,0,0,0,0,0,6/17/2019
3154,0,1,0,0,0,0,0,7/13/2020
3155,0,0,1,0,0,0,0,10/15/2020
3156,0,0,0,0,0,0,0,6/16/2020
3157,0,0,0,0,0,0,0,8/20/2020
3158,0,0,0,0,0,0,1,8/2/2019
3159,0,0,0,0,0,0,0,7/29/2019
3160,0,0,0,0,0,0,0,1/7/2019
3161,1,0,0,1,0,0,1,4/13/2019
3162,1,0,0,0,0,0,1,1/6/2019
3163,0,0,0,0,0,0,0,8/27/2019
3164,0,0,0,0,0,0,0,9/25/2020
3165,1,0,0,0,0,0,0,1/26/2020
3166,1,0,0,0,0,0,1,11/23/2019
3167,0,0,0,0,0,0,0,11/30/2020
3168,0,0,0,0,0,0,0,1/10/2020
3169,0,0,0,0,0,0,0,4/30/2019
3170,0,0,0,0,0,0,1,3/25/2019
3171,0,0,0,0,0,0,0,6/9/2019
3172,0,0,0,0,0,0,0,7/24/2019
3173,0,0,0,0,0,0,0,3/22/2019
3174,0,0,0,0,0,0,0,1/16/2019
3175,0,1,0,0,0,0,0,8/27/2020
3176,0,0,0,0,0,0,0,5/14/2019
3177,0,0,0,0,0,0,0,12/20/2019
3178,0,0,0,0,0,0,0,7/21/2019
3179,0,0,0,0,0,0,0,7/12/2020
3180,0,0,0,0,0,0,0,10/5/2020
3181,0,0,0,0,0,0,0,3/19/2019
3182,0,0,0,0,0,0,0,1/4/2020
3183,0,0,0,0,0,0,0,5/27/2019
3184,0,0,0,0,0,0,0,8/26/2019
3185,0,0,0,0,0,0,0,9/9/2020
3186,0,0,0,0,0,0,0,11/24/2019
3187,0,0,0,0,0,0,0,3/21/2019
3188,0,0,0,0,0,0,0,5/2/2020
3189,0,1,1,0,0,0,1,12/9/2019
3190,0,0,0,0,0,0,0,10/12/2019
3191,0,0,0,0,0,0,0,11/29/2020
3192,1,0,0,0,0,0,0,6/15/2020
3193,0,0,0,0,0,0,0,3/3/2019
3194,0,0,0,0,0,0,0,8/29/2019
3195,0,0,0,0,0,0,0,8/8/2019
3196,0,0,0,0,0,0,0,10/22/2020
3197,1,0,0,0,0,0,0,8/21/2019
3198,0,0,0,0,0,0,0,1/26/2019
3199,0,0,0,0,0,0,0,1/22/2019
3200,0,0,0,0,0,0,0,12/6/2019
3201,0,0,0,0,0,0,0,11/18/2019
3202,0,0,0,1,0,0,0,11/14/2020
3203,0,1,0,0,0,0,0,7/1/2020
3204,0,0,0,0,0,0,0,6/30/2020
3205,0,0,0,0,0,0,1,3/22/2019
3206,0,0,0,0,0,0,0,11/29/2020
3207,1,0,0,0,0,0,0,6/15/2020
3208,0,0,0,0,0,0,0,3/3/2019
3209,0,0,0,0,0,0,0,8/29/2019
3210,0,0,0,0,0,0,0,8/8/2019
3211,0,0,0,0,0,0,0,10/22/2020
3212,1,0,0,0,0,0,0,8/21/2019
3213,0,0,0,0,0,0,0,1/26/2019
3214,0,0,0,0,0,0,0,1/22/2019
3215,0,0,0,0,0,0,0,12/6/2019
3216,0,0,0,0,0,0,0,11/18/2019
3217,0,0,0,1,0,0,0,11/14/2020
3218,0,1,0,0,0,0,0,7/1/2020
3219,0,0,0,0,0,0,0,6/30/2020
3220,0,0,0,0,0,0,1,3/22/2019
